tournament,date,venue,club,group,round,cycle,court,point_cap,pair_a,pair_a_p1,pair_a_p2,pair_b,pair_b_p1,pair_b_p2,score_a,score_b
T01,2026-05-02,Tallink,Aliris,A,1,1,C1,18,T01-01,P037,P036,T01-02,P038,P015,14,18
T01,2026-05-02,Tallink,Aliris,B,1,1,C10,18,T01-17,P006,P033,T01-16,P022,P017,18,9
T01,2026-05-02,Tallink,Aliris,A,1,1,C2,18,T01-03,P014,P029,T01-04,P030,P039,18,7
T01,2026-05-02,Tallink,Aliris,A,1,1,C3,18,T01-05,P028,P021,T01-06,P011,P010,17,18
T01,2026-05-02,Tallink,Aliris,A,1,1,C4,18,T01-07,P031,P018,T01-08,P001,P024,18,7
T01,2026-05-02,Tallink,Aliris,A,1,1,C5,18,T01-09,P009,P023,T01-10,P002,P012,18,10
T01,2026-05-02,Tallink,Aliris,A,1,1,C6,18,T01-11,P035,P004,T01-12,P025,P016,18,10
T01,2026-05-02,Tallink,Aliris,B,1,1,C7,18,T01-13,P008,P034,T01-20,P026,P027,18,14
T01,2026-05-02,Tallink,Aliris,B,1,1,C8,18,T01-14,P005,P040,T01-19,P013,P019,18,13
T01,2026-05-02,Tallink,Aliris,B,1,1,C9,18,T01-15,P003,P032,T01-18,P007,P020,18,17
T01,2026-05-02,Tallink,Aliris,A,2,1,C1,18,T01-01,P037,P036,T01-04,P030,P039,11,18
T01,2026-05-02,Tallink,Aliris,B,2,1,C10,18,T01-18,P007,P020,T01-20,P026,P027,18,8
T01,2026-05-02,Tallink,Aliris,A,2,1,C2,18,T01-03,P014,P029,T01-06,P011,P010,9,18
T01,2026-05-02,Tallink,Aliris,A,2,1,C3,18,T01-05,P028,P021,T01-08,P001,P024,10,18
T01,2026-05-02,Tallink,Aliris,A,2,1,C4,18,T01-07,P031,P018,T01-10,P002,P012,18,14
T01,2026-05-02,Tallink,Aliris,A,2,1,C5,18,T01-09,P009,P023,T01-12,P025,P016,18,13
T01,2026-05-02,Tallink,Aliris,A,2,1,C6,18,T01-11,P035,P004,T01-02,P038,P015,13,18
T01,2026-05-02,Tallink,Aliris,B,2,1,C7,18,T01-13,P008,P034,T01-19,P013,P019,12,18
T01,2026-05-02,Tallink,Aliris,B,2,1,C8,18,T01-15,P003,P032,T01-16,P022,P017,18,14
T01,2026-05-02,Tallink,Aliris,B,2,1,C9,18,T01-17,P006,P033,T01-14,P005,P040,13,18
T01,2026-05-02,Tallink,Aliris,A,3,1,C1,18,T01-01,P037,P036,T01-06,P011,P010,17,18
T01,2026-05-02,Tallink,Aliris,B,3,1,C10,18,T01-19,P013,P019,T01-17,P006,P033,18,13
T01,2026-05-02,Tallink,Aliris,A,3,1,C2,18,T01-03,P014,P029,T01-08,P001,P024,4,18
T01,2026-05-02,Tallink,Aliris,A,3,1,C3,18,T01-05,P028,P021,T01-10,P002,P012,18,13
T01,2026-05-02,Tallink,Aliris,A,3,1,C4,18,T01-07,P031,P018,T01-12,P025,P016,18,6
T01,2026-05-02,Tallink,Aliris,A,3,1,C5,18,T01-09,P009,P023,T01-02,P038,P015,7,18
T01,2026-05-02,Tallink,Aliris,A,3,1,C6,18,T01-11,P035,P004,T01-04,P030,P039,8,18
T01,2026-05-02,Tallink,Aliris,B,3,1,C7,18,T01-13,P008,P034,T01-18,P007,P020,14,18
T01,2026-05-02,Tallink,Aliris,B,3,1,C8,18,T01-16,P022,P017,T01-20,P026,P027,13,18
T01,2026-05-02,Tallink,Aliris,B,3,1,C9,18,T01-14,P005,P040,T01-15,P003,P032,14,18
T01,2026-05-02,Tallink,Aliris,A,4,1,C1,18,T01-01,P037,P036,T01-08,P001,P024,18,11
T01,2026-05-02,Tallink,Aliris,B,4,1,C10,18,T01-19,P013,P019,T01-15,P003,P032,14,18
T01,2026-05-02,Tallink,Aliris,A,4,1,C2,18,T01-03,P014,P029,T01-10,P002,P012,10,18
T01,2026-05-02,Tallink,Aliris,A,4,1,C3,18,T01-05,P028,P021,T01-12,P025,P016,18,13
T01,2026-05-02,Tallink,Aliris,A,4,1,C4,18,T01-07,P031,P018,T01-02,P038,P015,18,11
T01,2026-05-02,Tallink,Aliris,A,4,1,C5,18,T01-09,P009,P023,T01-04,P030,P039,18,15
T01,2026-05-02,Tallink,Aliris,A,4,1,C6,18,T01-11,P035,P004,T01-06,P011,P010,18,17
T01,2026-05-02,Tallink,Aliris,B,4,1,C7,18,T01-13,P008,P034,T01-17,P006,P033,14,18
T01,2026-05-02,Tallink,Aliris,B,4,1,C8,18,T01-14,P005,P040,T01-20,P026,P027,18,13
T01,2026-05-02,Tallink,Aliris,B,4,1,C9,18,T01-16,P022,P017,T01-18,P007,P020,10,18
T01,2026-05-02,Tallink,Aliris,A,5,1,C1,18,T01-01,P037,P036,T01-10,P002,P012,18,14
T01,2026-05-02,Tallink,Aliris,B,5,1,C10,18,T01-19,P013,P019,T01-20,P026,P027,13,18
T01,2026-05-02,Tallink,Aliris,A,5,1,C2,18,T01-03,P014,P029,T01-12,P025,P016,18,16
T01,2026-05-02,Tallink,Aliris,A,5,1,C3,18,T01-05,P028,P021,T01-02,P038,P015,18,14
T01,2026-05-02,Tallink,Aliris,A,5,1,C4,18,T01-07,P031,P018,T01-04,P030,P039,18,12
T01,2026-05-02,Tallink,Aliris,A,5,1,C5,18,T01-09,P009,P023,T01-06,P011,P010,18,16
T01,2026-05-02,Tallink,Aliris,A,5,1,C6,18,T01-11,P035,P004,T01-08,P001,P024,18,15
T01,2026-05-02,Tallink,Aliris,B,5,1,C7,18,T01-13,P008,P034,T01-16,P022,P017,18,14
T01,2026-05-02,Tallink,Aliris,B,5,1,C8,18,T01-15,P003,P032,T01-17,P006,P033,18,10
T01,2026-05-02,Tallink,Aliris,B,5,1,C9,18,T01-18,P007,P020,T01-14,P005,P040,18,12
T01,2026-05-02,Tallink,Aliris,A,6,1,C1,18,T01-01,P037,P036,T01-12,P025,P016,14,18
T01,2026-05-02,Tallink,Aliris,B,6,1,C10,18,T01-19,P013,P019,T01-18,P007,P020,14,18
T01,2026-05-02,Tallink,Aliris,A,6,1,C2,18,T01-03,P014,P029,T01-02,P038,P015,5,18
T01,2026-05-02,Tallink,Aliris,A,6,1,C3,18,T01-05,P028,P021,T01-04,P030,P039,16,18
T01,2026-05-02,Tallink,Aliris,A,6,1,C4,18,T01-07,P031,P018,T01-06,P011,P010,17,18
T01,2026-05-02,Tallink,Aliris,A,6,1,C5,18,T01-09,P009,P023,T01-08,P001,P024,18,14
T01,2026-05-02,Tallink,Aliris,A,6,1,C6,18,T01-11,P035,P004,T01-10,P002,P012,17,18
T01,2026-05-02,Tallink,Aliris,B,6,1,C7,18,T01-13,P008,P034,T01-15,P003,P032,14,18
T01,2026-05-02,Tallink,Aliris,B,6,1,C8,18,T01-16,P022,P017,T01-14,P005,P040,18,8
T01,2026-05-02,Tallink,Aliris,B,6,1,C9,18,T01-17,P006,P033,T01-20,P026,P027,18,11
T01,2026-05-02,Tallink,Aliris,A,7,1,C1,18,T01-01,P037,P036,T01-03,P014,P029,18,12
T01,2026-05-02,Tallink,Aliris,B,7,1,C10,18,T01-17,P006,P033,T01-18,P007,P020,16,18
T01,2026-05-02,Tallink,Aliris,A,7,1,C2,18,T01-02,P038,P015,T01-04,P030,P039,18,17
T01,2026-05-02,Tallink,Aliris,A,7,1,C3,18,T01-05,P028,P021,T01-07,P031,P018,13,18
T01,2026-05-02,Tallink,Aliris,A,7,1,C4,18,T01-06,P011,P010,T01-08,P001,P024,18,15
T01,2026-05-02,Tallink,Aliris,A,7,1,C5,18,T01-09,P009,P023,T01-11,P035,P004,14,18
T01,2026-05-02,Tallink,Aliris,A,7,1,C6,18,T01-10,P002,P012,T01-12,P025,P016,18,17
T01,2026-05-02,Tallink,Aliris,B,7,1,C7,18,T01-13,P008,P034,T01-14,P005,P040,13,18
T01,2026-05-02,Tallink,Aliris,B,7,1,C8,18,T01-15,P003,P032,T01-20,P026,P027,18,16
T01,2026-05-02,Tallink,Aliris,B,7,1,C9,18,T01-16,P022,P017,T01-19,P013,P019,17,18
T01,2026-05-02,Tallink,Aliris,A,8,1,C1,18,T01-01,P037,P036,T01-05,P028,P021,18,13
T01,2026-05-02,Tallink,Aliris,B,8,1,C10,18,T01-16,P022,P017,T01-17,P006,P033,14,18
T01,2026-05-02,Tallink,Aliris,A,8,1,C2,18,T01-02,P038,P015,T01-06,P011,P010,14,18
T01,2026-05-02,Tallink,Aliris,A,8,1,C3,18,T01-03,P014,P029,T01-09,P009,P023,17,18
T01,2026-05-02,Tallink,Aliris,A,8,1,C4,18,T01-04,P030,P039,T01-10,P002,P012,16,18
T01,2026-05-02,Tallink,Aliris,A,8,1,C5,18,T01-07,P031,P018,T01-11,P035,P004,18,9
T01,2026-05-02,Tallink,Aliris,A,8,1,C6,18,T01-08,P001,P024,T01-12,P025,P016,18,11
T01,2026-05-02,Tallink,Aliris,B,8,1,C7,18,T01-13,P008,P034,T01-20,P026,P027,18,11
T01,2026-05-02,Tallink,Aliris,B,8,1,C8,18,T01-14,P005,P040,T01-19,P013,P019,18,12
T01,2026-05-02,Tallink,Aliris,B,8,1,C9,18,T01-15,P003,P032,T01-18,P007,P020,18,16
T01,2026-05-02,Tallink,Aliris,A,9,1,C1,18,T01-01,P037,P036,T01-07,P031,P018,18,14
T01,2026-05-02,Tallink,Aliris,B,9,1,C10,18,T01-15,P003,P032,T01-16,P022,P017,18,12
T01,2026-05-02,Tallink,Aliris,A,9,1,C2,18,T01-02,P038,P015,T01-08,P001,P024,18,17
T01,2026-05-02,Tallink,Aliris,A,9,1,C3,18,T01-03,P014,P029,T01-11,P035,P004,12,18
T01,2026-05-02,Tallink,Aliris,A,9,1,C4,18,T01-04,P030,P039,T01-12,P025,P016,18,16
T01,2026-05-02,Tallink,Aliris,A,9,1,C5,18,T01-05,P028,P021,T01-09,P009,P023,12,18
T01,2026-05-02,Tallink,Aliris,A,9,1,C6,18,T01-06,P011,P010,T01-10,P002,P012,18,15
T01,2026-05-02,Tallink,Aliris,B,9,1,C7,18,T01-13,P008,P034,T01-19,P013,P019,18,13
T01,2026-05-02,Tallink,Aliris,B,9,1,C8,18,T01-20,P026,P027,T01-18,P007,P020,6,18
T01,2026-05-02,Tallink,Aliris,B,9,1,C9,18,T01-14,P005,P040,T01-17,P006,P033,18,8
T01,2026-05-02,Tallink,Aliris,A,10,1,C1,18,T01-01,P037,P036,T01-09,P009,P023,18,14
T01,2026-05-02,Tallink,Aliris,B,10,1,C10,18,T01-14,P005,P040,T01-15,P003,P032,18,15
T01,2026-05-02,Tallink,Aliris,A,10,1,C2,18,T01-02,P038,P015,T01-10,P002,P012,18,17
T01,2026-05-02,Tallink,Aliris,A,10,1,C3,18,T01-03,P014,P029,T01-07,P031,P018,5,18
T01,2026-05-02,Tallink,Aliris,A,10,1,C4,18,T01-04,P030,P039,T01-08,P001,P024,10,18
T01,2026-05-02,Tallink,Aliris,A,10,1,C5,18,T01-05,P028,P021,T01-11,P035,P004,8,18
T01,2026-05-02,Tallink,Aliris,A,10,1,C6,18,T01-06,P011,P010,T01-12,P025,P016,12,18
T01,2026-05-02,Tallink,Aliris,B,10,1,C7,18,T01-13,P008,P034,T01-18,P007,P020,10,18
T01,2026-05-02,Tallink,Aliris,B,10,1,C8,18,T01-17,P006,P033,T01-19,P013,P019,18,11
T01,2026-05-02,Tallink,Aliris,B,10,1,C9,18,T01-16,P022,P017,T01-20,P026,P027,18,16
T01,2026-05-02,Tallink,Aliris,A,11,1,C1,18,T01-01,P037,P036,T01-11,P035,P004,8,18
T01,2026-05-02,Tallink,Aliris,B,11,1,C10,18,T01-14,P005,P040,T01-20,P026,P027,18,9
T01,2026-05-02,Tallink,Aliris,A,11,1,C2,18,T01-02,P038,P015,T01-12,P025,P016,18,10
T01,2026-05-02,Tallink,Aliris,A,11,1,C3,18,T01-03,P014,P029,T01-05,P028,P021,11,18
T01,2026-05-02,Tallink,Aliris,A,11,1,C4,18,T01-04,P030,P039,T01-06,P011,P010,18,10
T01,2026-05-02,Tallink,Aliris,A,11,1,C5,18,T01-07,P031,P018,T01-09,P009,P023,18,8
T01,2026-05-02,Tallink,Aliris,A,11,1,C6,18,T01-08,P001,P024,T01-10,P002,P012,18,11
T01,2026-05-02,Tallink,Aliris,B,11,1,C7,18,T01-13,P008,P034,T01-17,P006,P033,10,18
T01,2026-05-02,Tallink,Aliris,B,11,1,C8,18,T01-16,P022,P017,T01-18,P007,P020,12,18
T01,2026-05-02,Tallink,Aliris,B,11,1,C9,18,T01-15,P003,P032,T01-19,P013,P019,18,13
T02,2026-05-09,Tallink,Aliris,A,1,1,C1,18,T02-01,P018,P050,T02-02,P051,P042,18,14
T02,2026-05-09,Tallink,Aliris,B,1,1,C10,18,T02-17,P054,P007,T02-16,P055,P046,18,10
T02,2026-05-09,Tallink,Aliris,A,1,1,C2,18,T02-03,P052,P037,T02-04,P039,P044,12,18
T02,2026-05-09,Tallink,Aliris,A,1,1,C3,18,T02-05,P015,P038,T02-06,P001,P043,18,16
T02,2026-05-09,Tallink,Aliris,A,1,1,C4,18,T02-07,P028,P021,T02-08,P012,P053,12,18
T02,2026-05-09,Tallink,Aliris,A,1,1,C5,18,T02-09,P023,P009,T02-10,P014,P041,16,18
T02,2026-05-09,Tallink,Aliris,A,1,1,C6,18,T02-11,P002,P047,T02-12,P019,P020,18,12
T02,2026-05-09,Tallink,Aliris,B,1,1,C7,18,T02-13,P008,P034,T02-20,P026,P027,18,17
T02,2026-05-09,Tallink,Aliris,B,1,1,C8,18,T02-14,P056,P004,T02-19,P045,P013,18,16
T02,2026-05-09,Tallink,Aliris,B,1,1,C9,18,T02-15,P022,P048,T02-18,P011,P049,16,18
T02,2026-05-09,Tallink,Aliris,A,2,1,C1,18,T02-01,P018,P050,T02-04,P039,P044,13,18
T02,2026-05-09,Tallink,Aliris,B,2,1,C10,18,T02-18,P011,P049,T02-20,P026,P027,18,17
T02,2026-05-09,Tallink,Aliris,A,2,1,C2,18,T02-03,P052,P037,T02-06,P001,P043,18,14
T02,2026-05-09,Tallink,Aliris,A,2,1,C3,18,T02-05,P015,P038,T02-08,P012,P053,17,18
T02,2026-05-09,Tallink,Aliris,A,2,1,C4,18,T02-07,P028,P021,T02-10,P014,P041,18,12
T02,2026-05-09,Tallink,Aliris,A,2,1,C5,18,T02-09,P023,P009,T02-12,P019,P020,18,5
T02,2026-05-09,Tallink,Aliris,A,2,1,C6,18,T02-11,P002,P047,T02-02,P051,P042,18,11
T02,2026-05-09,Tallink,Aliris,B,2,1,C7,18,T02-13,P008,P034,T02-19,P045,P013,11,18
T02,2026-05-09,Tallink,Aliris,B,2,1,C8,18,T02-15,P022,P048,T02-16,P055,P046,18,8
T02,2026-05-09,Tallink,Aliris,B,2,1,C9,18,T02-17,P054,P007,T02-14,P056,P004,18,11
T02,2026-05-09,Tallink,Aliris,A,3,1,C1,18,T02-01,P018,P050,T02-06,P001,P043,18,15
T02,2026-05-09,Tallink,Aliris,B,3,1,C10,18,T02-19,P045,P013,T02-17,P054,P007,8,18
T02,2026-05-09,Tallink,Aliris,A,3,1,C2,18,T02-03,P052,P037,T02-08,P012,P053,17,18
T02,2026-05-09,Tallink,Aliris,A,3,1,C3,18,T02-05,P015,P038,T02-10,P014,P041,18,15
T02,2026-05-09,Tallink,Aliris,A,3,1,C4,18,T02-07,P028,P021,T02-12,P019,P020,18,13
T02,2026-05-09,Tallink,Aliris,A,3,1,C5,18,T02-09,P023,P009,T02-02,P051,P042,16,18
T02,2026-05-09,Tallink,Aliris,A,3,1,C6,18,T02-11,P002,P047,T02-04,P039,P044,9,18
T02,2026-05-09,Tallink,Aliris,B,3,1,C7,18,T02-13,P008,P034,T02-18,P011,P049,14,18
T02,2026-05-09,Tallink,Aliris,B,3,1,C8,18,T02-16,P055,P046,T02-20,P026,P027,9,18
T02,2026-05-09,Tallink,Aliris,B,3,1,C9,18,T02-14,P056,P004,T02-15,P022,P048,18,12
T02,2026-05-09,Tallink,Aliris,A,4,1,C1,18,T02-01,P018,P050,T02-08,P012,P053,13,18
T02,2026-05-09,Tallink,Aliris,B,4,1,C10,18,T02-19,P045,P013,T02-15,P022,P048,18,13
T02,2026-05-09,Tallink,Aliris,A,4,1,C2,18,T02-03,P052,P037,T02-10,P014,P041,18,17
T02,2026-05-09,Tallink,Aliris,A,4,1,C3,18,T02-05,P015,P038,T02-12,P019,P020,18,15
T02,2026-05-09,Tallink,Aliris,A,4,1,C4,18,T02-07,P028,P021,T02-02,P051,P042,18,11
T02,2026-05-09,Tallink,Aliris,A,4,1,C5,18,T02-09,P023,P009,T02-04,P039,P044,14,18
T02,2026-05-09,Tallink,Aliris,A,4,1,C6,18,T02-11,P002,P047,T02-06,P001,P043,18,12
T02,2026-05-09,Tallink,Aliris,B,4,1,C7,18,T02-13,P008,P034,T02-17,P054,P007,12,18
T02,2026-05-09,Tallink,Aliris,B,4,1,C8,18,T02-14,P056,P004,T02-20,P026,P027,15,18
T02,2026-05-09,Tallink,Aliris,B,4,1,C9,18,T02-16,P055,P046,T02-18,P011,P049,9,18
T02,2026-05-09,Tallink,Aliris,A,5,1,C1,18,T02-01,P018,P050,T02-10,P014,P041,18,15
T02,2026-05-09,Tallink,Aliris,B,5,1,C10,18,T02-19,P045,P013,T02-20,P026,P027,18,12
T02,2026-05-09,Tallink,Aliris,A,5,1,C2,18,T02-03,P052,P037,T02-12,P019,P020,18,16
T02,2026-05-09,Tallink,Aliris,A,5,1,C3,18,T02-05,P015,P038,T02-02,P051,P042,18,16
T02,2026-05-09,Tallink,Aliris,A,5,1,C4,18,T02-07,P028,P021,T02-04,P039,P044,13,18
T02,2026-05-09,Tallink,Aliris,A,5,1,C5,18,T02-09,P023,P009,T02-06,P001,P043,9,18
T02,2026-05-09,Tallink,Aliris,A,5,1,C6,18,T02-11,P002,P047,T02-08,P012,P053,10,18
T02,2026-05-09,Tallink,Aliris,B,5,1,C7,18,T02-13,P008,P034,T02-16,P055,P046,18,6
T02,2026-05-09,Tallink,Aliris,B,5,1,C8,18,T02-15,P022,P048,T02-17,P054,P007,8,18
T02,2026-05-09,Tallink,Aliris,B,5,1,C9,18,T02-18,P011,P049,T02-14,P056,P004,11,18
T02,2026-05-09,Tallink,Aliris,A,6,1,C1,18,T02-01,P018,P050,T02-12,P019,P020,18,5
T02,2026-05-09,Tallink,Aliris,B,6,1,C10,18,T02-19,P045,P013,T02-18,P011,P049,12,18
T02,2026-05-09,Tallink,Aliris,A,6,1,C2,18,T02-03,P052,P037,T02-02,P051,P042,18,7
T02,2026-05-09,Tallink,Aliris,A,6,1,C3,18,T02-05,P015,P038,T02-04,P039,P044,16,18
T02,2026-05-09,Tallink,Aliris,A,6,1,C4,18,T02-07,P028,P021,T02-06,P001,P043,16,18
T02,2026-05-09,Tallink,Aliris,A,6,1,C5,18,T02-09,P023,P009,T02-08,P012,P053,8,18
T02,2026-05-09,Tallink,Aliris,A,6,1,C6,18,T02-11,P002,P047,T02-10,P014,P041,13,18
T02,2026-05-09,Tallink,Aliris,B,6,1,C7,18,T02-13,P008,P034,T02-15,P022,P048,18,15
T02,2026-05-09,Tallink,Aliris,B,6,1,C8,18,T02-16,P055,P046,T02-14,P056,P004,8,18
T02,2026-05-09,Tallink,Aliris,B,6,1,C9,18,T02-17,P054,P007,T02-20,P026,P027,18,9
T02,2026-05-09,Tallink,Aliris,A,7,1,C1,18,T02-01,P018,P050,T02-03,P052,P037,18,13
T02,2026-05-09,Tallink,Aliris,B,7,1,C10,18,T02-17,P054,P007,T02-18,P011,P049,18,9
T02,2026-05-09,Tallink,Aliris,A,7,1,C2,18,T02-02,P051,P042,T02-04,P039,P044,10,18
T02,2026-05-09,Tallink,Aliris,A,7,1,C3,18,T02-05,P015,P038,T02-07,P028,P021,11,18
T02,2026-05-09,Tallink,Aliris,A,7,1,C4,18,T02-06,P001,P043,T02-08,P012,P053,18,11
T02,2026-05-09,Tallink,Aliris,A,7,1,C5,18,T02-09,P023,P009,T02-11,P002,P047,18,16
T02,2026-05-09,Tallink,Aliris,A,7,1,C6,18,T02-10,P014,P041,T02-12,P019,P020,17,18
T02,2026-05-09,Tallink,Aliris,B,7,1,C7,18,T02-13,P008,P034,T02-14,P056,P004,14,18
T02,2026-05-09,Tallink,Aliris,B,7,1,C8,18,T02-15,P022,P048,T02-20,P026,P027,17,18
T02,2026-05-09,Tallink,Aliris,B,7,1,C9,18,T02-16,P055,P046,T02-19,P045,P013,8,18
T02,2026-05-09,Tallink,Aliris,A,8,1,C1,18,T02-01,P018,P050,T02-05,P015,P038,17,18
T02,2026-05-09,Tallink,Aliris,B,8,1,C10,18,T02-16,P055,P046,T02-17,P054,P007,3,18
T02,2026-05-09,Tallink,Aliris,A,8,1,C2,18,T02-02,P051,P042,T02-06,P001,P043,10,18
T02,2026-05-09,Tallink,Aliris,A,8,1,C3,18,T02-03,P052,P037,T02-09,P023,P009,14,18
T02,2026-05-09,Tallink,Aliris,A,8,1,C4,18,T02-04,P039,P044,T02-10,P014,P041,13,18
T02,2026-05-09,Tallink,Aliris,A,8,1,C5,18,T02-07,P028,P021,T02-11,P002,P047,18,14
T02,2026-05-09,Tallink,Aliris,A,8,1,C6,18,T02-08,P012,P053,T02-12,P019,P020,11,18
T02,2026-05-09,Tallink,Aliris,B,8,1,C7,18,T02-13,P008,P034,T02-20,P026,P027,15,18
T02,2026-05-09,Tallink,Aliris,B,8,1,C8,18,T02-14,P056,P004,T02-19,P045,P013,17,18
T02,2026-05-09,Tallink,Aliris,B,8,1,C9,18,T02-15,P022,P048,T02-18,P011,P049,18,17
T02,2026-05-09,Tallink,Aliris,A,9,1,C1,18,T02-01,P018,P050,T02-07,P028,P021,18,12
T02,2026-05-09,Tallink,Aliris,B,9,1,C10,18,T02-15,P022,P048,T02-16,P055,P046,12,18
T02,2026-05-09,Tallink,Aliris,A,9,1,C2,18,T02-02,P051,P042,T02-08,P012,P053,8,18
T02,2026-05-09,Tallink,Aliris,A,9,1,C3,18,T02-03,P052,P037,T02-11,P002,P047,18,13
T02,2026-05-09,Tallink,Aliris,A,9,1,C4,18,T02-04,P039,P044,T02-12,P019,P020,13,18
T02,2026-05-09,Tallink,Aliris,A,9,1,C5,18,T02-05,P015,P038,T02-09,P023,P009,14,18
T02,2026-05-09,Tallink,Aliris,A,9,1,C6,18,T02-06,P001,P043,T02-10,P014,P041,5,18
T02,2026-05-09,Tallink,Aliris,B,9,1,C7,18,T02-13,P008,P034,T02-19,P045,P013,18,15
T02,2026-05-09,Tallink,Aliris,B,9,1,C8,18,T02-20,P026,P027,T02-18,P011,P049,14,18
T02,2026-05-09,Tallink,Aliris,B,9,1,C9,18,T02-14,P056,P004,T02-17,P054,P007,8,18
T02,2026-05-09,Tallink,Aliris,A,10,1,C1,18,T02-01,P018,P050,T02-09,P023,P009,16,18
T02,2026-05-09,Tallink,Aliris,B,10,1,C10,18,T02-14,P056,P004,T02-15,P022,P048,14,18
T02,2026-05-09,Tallink,Aliris,A,10,1,C2,18,T02-02,P051,P042,T02-10,P014,P041,18,12
T02,2026-05-09,Tallink,Aliris,A,10,1,C3,18,T02-03,P052,P037,T02-07,P028,P021,10,18
T02,2026-05-09,Tallink,Aliris,A,10,1,C4,18,T02-04,P039,P044,T02-08,P012,P053,18,17
T02,2026-05-09,Tallink,Aliris,A,10,1,C5,18,T02-05,P015,P038,T02-11,P002,P047,18,15
T02,2026-05-09,Tallink,Aliris,A,10,1,C6,18,T02-06,P001,P043,T02-12,P019,P020,12,18
T02,2026-05-09,Tallink,Aliris,B,10,1,C7,18,T02-13,P008,P034,T02-18,P011,P049,18,16
T02,2026-05-09,Tallink,Aliris,B,10,1,C8,18,T02-17,P054,P007,T02-19,P045,P013,11,18
T02,2026-05-09,Tallink,Aliris,B,10,1,C9,18,T02-16,P055,P046,T02-20,P026,P027,6,18
T02,2026-05-09,Tallink,Aliris,A,11,1,C1,18,T02-01,P018,P050,T02-11,P002,P047,18,14
T02,2026-05-09,Tallink,Aliris,B,11,1,C10,18,T02-14,P056,P004,T02-20,P026,P027,18,8
T02,2026-05-09,Tallink,Aliris,A,11,1,C2,18,T02-02,P051,P042,T02-12,P019,P020,11,18
T02,2026-05-09,Tallink,Aliris,A,11,1,C3,18,T02-03,P052,P037,T02-05,P015,P038,17,18
T02,2026-05-09,Tallink,Aliris,A,11,1,C4,18,T02-04,P039,P044,T02-06,P001,P043,18,5
T02,2026-05-09,Tallink,Aliris,A,11,1,C5,18,T02-07,P028,P021,T02-09,P023,P009,18,15
T02,2026-05-09,Tallink,Aliris,A,11,1,C6,18,T02-08,P012,P053,T02-10,P014,P041,18,12
T02,2026-05-09,Tallink,Aliris,B,11,1,C7,18,T02-13,P008,P034,T02-17,P054,P007,10,18
T02,2026-05-09,Tallink,Aliris,B,11,1,C8,18,T02-16,P055,P046,T02-18,P011,P049,4,18
T02,2026-05-09,Tallink,Aliris,B,11,1,C9,18,T02-15,P022,P048,T02-19,P045,P013,18,16
T03,2026-05-16,Tondi Golden Club,Aliris,,1,1,C2,18,T03-01,P059,P014,T03-02,P062,P009,11,18
T03,2026-05-16,Tondi Golden Club,Aliris,,1,1,C3,18,T03-03,P018,P020,T03-04,P023,P052,18,16
T03,2026-05-16,Tondi Golden Club,Aliris,,1,1,C4,18,T03-05,P054,P007,T03-06,P061,P039,18,10
T03,2026-05-16,Tondi Golden Club,Aliris,,1,1,C5,18,T03-07,P057,P036,T03-08,P005,P040,18,16
T03,2026-05-16,Tondi Golden Club,Aliris,,1,1,C6,18,T03-09,P058,P024,T03-10,P037,P060,18,13
T03,2026-05-16,Tondi Golden Club,Aliris,,1,1,C7,18,T03-11,P048,P022,T03-12,P045,P013,18,11
T03,2026-05-16,Tondi Golden Club,Aliris,,2,1,C2,18,T03-01,P059,P014,T03-04,P023,P052,9,18
T03,2026-05-16,Tondi Golden Club,Aliris,,2,1,C3,18,T03-03,P018,P020,T03-06,P061,P039,17,18
T03,2026-05-16,Tondi Golden Club,Aliris,,2,1,C4,18,T03-05,P054,P007,T03-08,P005,P040,16,18
T03,2026-05-16,Tondi Golden Club,Aliris,,2,1,C5,18,T03-07,P057,P036,T03-10,P037,P060,18,11
T03,2026-05-16,Tondi Golden Club,Aliris,,2,1,C6,18,T03-09,P058,P024,T03-12,P045,P013,18,17
T03,2026-05-16,Tondi Golden Club,Aliris,,2,1,C7,18,T03-11,P048,P022,T03-02,P062,P009,11,18
T03,2026-05-16,Tondi Golden Club,Aliris,,3,1,C2,18,T03-01,P059,P014,T03-06,P061,P039,7,18
T03,2026-05-16,Tondi Golden Club,Aliris,,3,1,C3,18,T03-03,P018,P020,T03-08,P005,P040,10,18
T03,2026-05-16,Tondi Golden Club,Aliris,,3,1,C4,18,T03-05,P054,P007,T03-10,P037,P060,18,11
T03,2026-05-16,Tondi Golden Club,Aliris,,3,1,C5,18,T03-07,P057,P036,T03-12,P045,P013,18,11
T03,2026-05-16,Tondi Golden Club,Aliris,,3,1,C6,18,T03-09,P058,P024,T03-02,P062,P009,12,18
T03,2026-05-16,Tondi Golden Club,Aliris,,3,1,C7,18,T03-11,P048,P022,T03-04,P023,P052,8,18
T03,2026-05-16,Tondi Golden Club,Aliris,,4,1,C2,18,T03-01,P059,P014,T03-08,P005,P040,18,13
T03,2026-05-16,Tondi Golden Club,Aliris,,4,1,C3,18,T03-03,P018,P020,T03-10,P037,P060,18,13
T03,2026-05-16,Tondi Golden Club,Aliris,,4,1,C4,18,T03-05,P054,P007,T03-12,P045,P013,18,6
T03,2026-05-16,Tondi Golden Club,Aliris,,4,1,C5,18,T03-07,P057,P036,T03-02,P062,P009,16,18
T03,2026-05-16,Tondi Golden Club,Aliris,,4,1,C6,18,T03-09,P058,P024,T03-04,P023,P052,10,18
T03,2026-05-16,Tondi Golden Club,Aliris,,4,1,C7,18,T03-11,P048,P022,T03-06,P061,P039,9,18
T03,2026-05-16,Tondi Golden Club,Aliris,,5,1,C2,18,T03-01,P059,P014,T03-10,P037,P060,18,12
T03,2026-05-16,Tondi Golden Club,Aliris,,5,1,C3,18,T03-03,P018,P020,T03-12,P045,P013,18,13
T03,2026-05-16,Tondi Golden Club,Aliris,,5,1,C4,18,T03-05,P054,P007,T03-02,P062,P009,18,14
T03,2026-05-16,Tondi Golden Club,Aliris,,5,1,C5,18,T03-07,P057,P036,T03-04,P023,P052,12,18
T03,2026-05-16,Tondi Golden Club,Aliris,,5,1,C6,18,T03-09,P058,P024,T03-06,P061,P039,8,18
T03,2026-05-16,Tondi Golden Club,Aliris,,5,1,C7,18,T03-11,P048,P022,T03-08,P005,P040,14,18
T03,2026-05-16,Tondi Golden Club,Aliris,,6,1,C2,18,T03-01,P059,P014,T03-12,P045,P013,18,13
T03,2026-05-16,Tondi Golden Club,Aliris,,6,1,C3,18,T03-03,P018,P020,T03-02,P062,P009,18,9
T03,2026-05-16,Tondi Golden Club,Aliris,,6,1,C4,18,T03-05,P054,P007,T03-04,P023,P052,9,18
T03,2026-05-16,Tondi Golden Club,Aliris,,6,1,C5,18,T03-07,P057,P036,T03-06,P061,P039,3,18
T03,2026-05-16,Tondi Golden Club,Aliris,,6,1,C6,18,T03-09,P058,P024,T03-08,P005,P040,18,12
T03,2026-05-16,Tondi Golden Club,Aliris,,6,1,C7,18,T03-11,P048,P022,T03-10,P037,P060,14,18
T03,2026-05-16,Tondi Golden Club,Aliris,,7,1,C2,18,T03-01,P059,P014,T03-03,P018,P020,13,18
T03,2026-05-16,Tondi Golden Club,Aliris,,7,1,C3,18,T03-02,P062,P009,T03-04,P023,P052,18,16
T03,2026-05-16,Tondi Golden Club,Aliris,,7,1,C4,18,T03-05,P054,P007,T03-07,P057,P036,18,11
T03,2026-05-16,Tondi Golden Club,Aliris,,7,1,C5,18,T03-06,P061,P039,T03-08,P005,P040,18,7
T03,2026-05-16,Tondi Golden Club,Aliris,,7,1,C6,18,T03-09,P058,P024,T03-11,P048,P022,18,17
T03,2026-05-16,Tondi Golden Club,Aliris,,7,1,C7,18,T03-10,P037,P060,T03-12,P045,P013,18,9
T03,2026-05-16,Tondi Golden Club,Aliris,,8,1,C2,18,T03-01,P059,P014,T03-05,P054,P007,13,18
T03,2026-05-16,Tondi Golden Club,Aliris,,8,1,C3,18,T03-02,P062,P009,T03-06,P061,P039,17,18
T03,2026-05-16,Tondi Golden Club,Aliris,,8,1,C4,18,T03-03,P018,P020,T03-09,P058,P024,18,7
T03,2026-05-16,Tondi Golden Club,Aliris,,8,1,C5,18,T03-04,P023,P052,T03-10,P037,P060,18,9
T03,2026-05-16,Tondi Golden Club,Aliris,,8,1,C6,18,T03-07,P057,P036,T03-11,P048,P022,18,10
T03,2026-05-16,Tondi Golden Club,Aliris,,8,1,C7,18,T03-08,P005,P040,T03-12,P045,P013,14,18
T03,2026-05-16,Tondi Golden Club,Aliris,,9,1,C2,18,T03-01,P059,P014,T03-07,P057,P036,18,5
T03,2026-05-16,Tondi Golden Club,Aliris,,9,1,C3,18,T03-02,P062,P009,T03-08,P005,P040,18,11
T03,2026-05-16,Tondi Golden Club,Aliris,,9,1,C4,18,T03-03,P018,P020,T03-11,P048,P022,18,11
T03,2026-05-16,Tondi Golden Club,Aliris,,9,1,C5,18,T03-04,P023,P052,T03-12,P045,P013,18,10
T03,2026-05-16,Tondi Golden Club,Aliris,,9,1,C6,18,T03-05,P054,P007,T03-09,P058,P024,18,12
T03,2026-05-16,Tondi Golden Club,Aliris,,9,1,C7,18,T03-06,P061,P039,T03-10,P037,P060,18,10
T03,2026-05-16,Tondi Golden Club,Aliris,,10,1,C2,18,T03-01,P059,P014,T03-09,P058,P024,18,9
T03,2026-05-16,Tondi Golden Club,Aliris,,10,1,C3,18,T03-02,P062,P009,T03-10,P037,P060,10,18
T03,2026-05-16,Tondi Golden Club,Aliris,,10,1,C4,18,T03-03,P018,P020,T03-07,P057,P036,18,10
T03,2026-05-16,Tondi Golden Club,Aliris,,10,1,C5,18,T03-04,P023,P052,T03-08,P005,P040,18,12
T03,2026-05-16,Tondi Golden Club,Aliris,,10,1,C6,18,T03-05,P054,P007,T03-11,P048,P022,18,3
T03,2026-05-16,Tondi Golden Club,Aliris,,10,1,C7,18,T03-06,P061,P039,T03-12,P045,P013,18,14
T03,2026-05-16,Tondi Golden Club,Aliris,,11,1,C2,18,T03-01,P059,P014,T03-11,P048,P022,18,9
T03,2026-05-16,Tondi Golden Club,Aliris,,11,1,C3,18,T03-02,P062,P009,T03-12,P045,P013,18,7
T03,2026-05-16,Tondi Golden Club,Aliris,,11,1,C4,18,T03-03,P018,P020,T03-05,P054,P007,18,11
T03,2026-05-16,Tondi Golden Club,Aliris,,11,1,C5,18,T03-04,P023,P052,T03-06,P061,P039,18,10
T03,2026-05-16,Tondi Golden Club,Aliris,,11,1,C6,18,T03-07,P057,P036,T03-09,P058,P024,18,7
T03,2026-05-16,Tondi Golden Club,Aliris,,11,1,C7,18,T03-08,P005,P040,T03-10,P037,P060,18,10
T04,2026-05-23,Tallink,Aliris,,1,1,C2,18,T04-01,P041,P010,T04-11,P030,P039,18,11
T04,2026-05-23,Tallink,Aliris,,1,1,C3,18,T04-02,P050,P021,T04-12,P043,P036,18,16
T04,2026-05-23,Tallink,Aliris,,1,1,C4,18,T04-03,P009,P003,T04-09,P044,P047,18,14
T04,2026-05-23,Tallink,Aliris,,1,1,C5,18,T04-04,P037,P065,T04-10,P063,P054,18,15
T04,2026-05-23,Tallink,Aliris,,1,1,C6,18,T04-15,P066,P045,T04-05,P018,P002,4,18
T04,2026-05-23,Tallink,Aliris,,1,1,C7,18,T04-06,P001,P068,T04-16,P067,P064,16,18
T04,2026-05-23,Tallink,Aliris,,1,1,C8,18,T04-13,P005,P040,T04-07,P023,P059,11,18
T04,2026-05-23,Tallink,Aliris,,1,1,C9,18,T04-14,P016,P034,T04-08,P019,P020,15,18
T04,2026-05-23,Tallink,Aliris,,2,1,C2,18,T04-01,P041,P010,T04-07,P023,P059,17,18
T04,2026-05-23,Tallink,Aliris,,2,1,C3,18,T04-02,P050,P021,T04-05,P018,P002,18,14
T04,2026-05-23,Tallink,Aliris,,2,1,C4,18,T04-06,P001,P068,T04-08,P019,P020,11,18
T04,2026-05-23,Tallink,Aliris,,2,1,C5,18,T04-04,P037,P065,T04-03,P009,P003,18,16
T04,2026-05-23,Tallink,Aliris,,2,1,C6,18,T04-13,P005,P040,T04-10,P063,P054,10,18
T04,2026-05-23,Tallink,Aliris,,2,1,C7,18,T04-15,P066,P045,T04-09,P044,P047,13,18
T04,2026-05-23,Tallink,Aliris,,2,1,C8,18,T04-16,P067,P064,T04-14,P016,P034,14,18
T04,2026-05-23,Tallink,Aliris,,2,1,C9,18,T04-11,P030,P039,T04-12,P043,P036,14,18
T04,2026-05-23,Tallink,Aliris,,3,1,C2,18,T04-01,P041,P010,T04-10,P063,P054,18,10
T04,2026-05-23,Tallink,Aliris,,3,1,C3,18,T04-03,P009,P003,T04-12,P043,P036,18,17
T04,2026-05-23,Tallink,Aliris,,3,1,C4,18,T04-02,P050,P021,T04-09,P044,P047,18,13
T04,2026-05-23,Tallink,Aliris,,3,1,C5,18,T04-04,P037,P065,T04-11,P030,P039,18,17
T04,2026-05-23,Tallink,Aliris,,3,1,C6,18,T04-05,P018,P002,T04-14,P016,P034,18,12
T04,2026-05-23,Tallink,Aliris,,3,1,C7,18,T04-07,P023,P059,T04-16,P067,P064,18,7
T04,2026-05-23,Tallink,Aliris,,3,1,C8,18,T04-13,P005,P040,T04-06,P001,P068,18,8
T04,2026-05-23,Tallink,Aliris,,3,1,C9,18,T04-08,P019,P020,T04-15,P066,P045,18,15
T04,2026-05-23,Tallink,Aliris,,4,1,C2,18,T04-01,P041,P010,T04-05,P018,P002,16,18
T04,2026-05-23,Tallink,Aliris,,4,1,C3,18,T04-11,P030,P039,T04-15,P066,P045,18,7
T04,2026-05-23,Tallink,Aliris,,4,1,C4,18,T04-12,P043,P036,T04-14,P016,P034,18,13
T04,2026-05-23,Tallink,Aliris,,4,1,C5,18,T04-07,P023,P059,T04-03,P009,P003,18,9
T04,2026-05-23,Tallink,Aliris,,4,1,C6,18,T04-02,P050,P021,T04-08,P019,P020,18,8
T04,2026-05-23,Tallink,Aliris,,4,1,C7,18,T04-06,P001,P068,T04-04,P037,P065,12,18
T04,2026-05-23,Tallink,Aliris,,4,1,C8,18,T04-16,P067,P064,T04-10,P063,P054,10,18
T04,2026-05-23,Tallink,Aliris,,4,1,C9,18,T04-09,P044,P047,T04-13,P005,P040,18,17
T04,2026-05-23,Tallink,Aliris,,5,1,C2,18,T04-01,P041,P010,T04-04,P037,P065,17,18
T04,2026-05-23,Tallink,Aliris,,5,1,C3,18,T04-03,P009,P003,T04-05,P018,P002,18,17
T04,2026-05-23,Tallink,Aliris,,5,1,C4,18,T04-06,P001,P068,T04-02,P050,P021,18,17
T04,2026-05-23,Tallink,Aliris,,5,1,C5,18,T04-07,P023,P059,T04-08,P019,P020,17,18
T04,2026-05-23,Tallink,Aliris,,5,1,C6,18,T04-09,P044,P047,T04-12,P043,P036,18,15
T04,2026-05-23,Tallink,Aliris,,5,1,C7,18,T04-11,P030,P039,T04-13,P005,P040,18,15
T04,2026-05-23,Tallink,Aliris,,5,1,C8,18,T04-14,P016,P034,T04-10,P063,P054,4,18
T04,2026-05-23,Tallink,Aliris,,5,1,C9,18,T04-15,P066,P045,T04-16,P067,P064,18,14
T04,2026-05-23,Tallink,Aliris,,6,1,C2,18,T04-01,P041,P010,T04-03,P009,P003,14,18
T04,2026-05-23,Tallink,Aliris,,6,1,C3,18,T04-04,P037,P065,T04-02,P050,P021,6,17
T04,2026-05-23,Tallink,Aliris,,6,1,C4,18,T04-05,P018,P002,T04-08,P019,P020,15,18
T04,2026-05-23,Tallink,Aliris,,6,1,C5,18,T04-07,P023,P059,T04-06,P001,P068,18,6
T04,2026-05-23,Tallink,Aliris,,6,1,C6,18,T04-09,P044,P047,T04-11,P030,P039,18,6
T04,2026-05-23,Tallink,Aliris,,6,1,C7,18,T04-14,P016,P034,T04-15,P066,P045,18,17
T04,2026-05-23,Tallink,Aliris,,6,1,C8,18,T04-10,P063,P054,T04-12,P043,P036,16,18
T04,2026-05-23,Tallink,Aliris,,6,1,C9,18,T04-13,P005,P040,T04-16,P067,P064,18,8
T04,2026-05-23,Tallink,Aliris,,7,1,C2,18,T04-01,P041,P010,T04-02,P050,P021,12,18
T04,2026-05-23,Tallink,Aliris,,7,1,C3,18,T04-07,P023,P059,T04-04,P037,P065,18,11
T04,2026-05-23,Tallink,Aliris,,7,1,C4,18,T04-05,P018,P002,T04-06,P001,P068,18,13
T04,2026-05-23,Tallink,Aliris,,7,1,C5,18,T04-03,P009,P003,T04-08,P019,P020,12,18
T04,2026-05-23,Tallink,Aliris,,7,1,C6,18,T04-09,P044,P047,T04-10,P063,P054,18,15
T04,2026-05-23,Tallink,Aliris,,7,1,C7,18,T04-12,P043,P036,T04-15,P066,P045,18,5
T04,2026-05-23,Tallink,Aliris,,7,1,C8,18,T04-13,P005,P040,T04-14,P016,P034,15,18
T04,2026-05-23,Tallink,Aliris,,7,1,C9,18,T04-11,P030,P039,T04-16,P067,P064,18,13
T04,2026-05-23,Tallink,Aliris,,8,1,C2,18,T04-01,P041,P010,T04-09,P044,P047,18,16
T04,2026-05-23,Tallink,Aliris,,8,1,C3,18,T04-02,P050,P021,T04-10,P063,P054,18,10
T04,2026-05-23,Tallink,Aliris,,8,1,C4,18,T04-03,P009,P003,T04-11,P030,P039,18,12
T04,2026-05-23,Tallink,Aliris,,8,1,C5,18,T04-04,P037,P065,T04-12,P043,P036,16,18
T04,2026-05-23,Tallink,Aliris,,8,1,C6,18,T04-08,P019,P020,T04-16,P067,P064,18,13
T04,2026-05-23,Tallink,Aliris,,8,1,C7,18,T04-06,P001,P068,T04-14,P016,P034,11,18
T04,2026-05-23,Tallink,Aliris,,8,1,C8,18,T04-05,P018,P002,T04-13,P005,P040,18,15
T04,2026-05-23,Tallink,Aliris,,8,1,C9,18,T04-15,P066,P045,T04-07,P023,P059,16,18
T04,2026-05-23,Tallink,Aliris,,9,1,C2,18,T04-01,P041,P010,T04-08,P019,P020,18,12
T04,2026-05-23,Tallink,Aliris,,9,1,C3,18,T04-02,P050,P021,T04-07,P023,P059,13,18
T04,2026-05-23,Tallink,Aliris,,9,1,C4,18,T04-03,P009,P003,T04-06,P001,P068,18,16
T04,2026-05-23,Tallink,Aliris,,9,1,C5,18,T04-04,P037,P065,T04-05,P018,P002,18,16
T04,2026-05-23,Tallink,Aliris,,9,1,C6,18,T04-16,P067,P064,T04-09,P044,P047,8,18
T04,2026-05-23,Tallink,Aliris,,9,1,C7,18,T04-11,P030,P039,T04-14,P016,P034,18,8
T04,2026-05-23,Tallink,Aliris,,9,1,C8,18,T04-10,P063,P054,T04-15,P066,P045,18,13
T04,2026-05-23,Tallink,Aliris,,9,1,C9,18,T04-13,P005,P040,T04-12,P043,P036,18,17
T04,2026-05-23,Tallink,Aliris,,10,1,C2,18,T04-01,P041,P010,T04-06,P001,P068,18,12
T04,2026-05-23,Tallink,Aliris,,10,1,C3,18,T04-02,P050,P021,T04-03,P009,P003,18,16
T04,2026-05-23,Tallink,Aliris,,10,1,C4,18,T04-05,P018,P002,T04-07,P023,P059,14,18
T04,2026-05-23,Tallink,Aliris,,10,1,C5,18,T04-04,P037,P065,T04-08,P019,P020,15,18
T04,2026-05-23,Tallink,Aliris,,10,1,C6,18,T04-10,P063,P054,T04-11,P030,P039,18,17
T04,2026-05-23,Tallink,Aliris,,10,1,C7,18,T04-12,P043,P036,T04-16,P067,P064,18,10
T04,2026-05-23,Tallink,Aliris,,10,1,C8,18,T04-13,P005,P040,T04-15,P066,P045,18,12
T04,2026-05-23,Tallink,Aliris,,10,1,C9,18,T04-14,P016,P034,T04-09,P044,P047,7,18
T04,2026-05-23,Tallink,Aliris,,11,1,C2,18,T04-01,P041,P010,T04-12,P043,P036,15,18
T04,2026-05-23,Tallink,Aliris,,11,1,C3,18,T04-02,P050,P021,T04-13,P005,P040,17,18
T04,2026-05-23,Tallink,Aliris,,11,1,C4,18,T04-03,P009,P003,T04-10,P063,P054,18,14
T04,2026-05-23,Tallink,Aliris,,11,1,C5,18,T04-04,P037,P065,T04-14,P016,P034,18,11
T04,2026-05-23,Tallink,Aliris,,11,1,C6,18,T04-07,P023,P059,T04-09,P044,P047,18,8
T04,2026-05-23,Tallink,Aliris,,11,1,C7,18,T04-08,P019,P020,T04-11,P030,P039,18,15
T04,2026-05-23,Tallink,Aliris,,11,1,C8,18,T04-06,P001,P068,T04-15,P066,P045,16,18
T04,2026-05-23,Tallink,Aliris,,11,1,C9,18,T04-05,P018,P002,T04-16,P067,P064,18,10
T05,2026-05-30,Tallink,Aliris,A,1,1,C1,18,T05-11,P006,P019,T05-12,P016,P062,16,18
T05,2026-05-30,Tallink,Aliris,B,1,1,C10,18,T05-17,P022,P017,T05-16,P071,P049,18,6
T05,2026-05-30,Tallink,Aliris,A,1,1,C2,18,T05-01,P020,P061,T05-02,P001,P043,18,15
T05,2026-05-30,Tallink,Aliris,A,1,1,C3,18,T05-03,P041,P010,T05-04,P050,P012,8,18
T05,2026-05-30,Tallink,Aliris,A,1,1,C4,18,T05-05,P023,P059,T05-06,P018,P054,18,12
T05,2026-05-30,Tallink,Aliris,A,1,1,C5,18,T05-07,P014,P011,T05-08,P042,P039,12,18
T05,2026-05-30,Tallink,Aliris,A,1,1,C6,18,T05-09,P009,P047,T05-10,P072,P008,18,17
T05,2026-05-30,Tallink,Aliris,B,1,1,C7,18,T05-13,P015,P057,T05-20,P003,P007,18,17
T05,2026-05-30,Tallink,Aliris,B,1,1,C8,18,T05-14,P056,P004,T05-19,P070,P064,18,5
T05,2026-05-30,Tallink,Aliris,B,1,1,C9,18,T05-15,P005,P040,T05-18,P045,P069,18,17
T05,2026-05-30,Tallink,Aliris,A,2,1,C1,18,T05-11,P006,P019,T05-02,P001,P043,18,15
T05,2026-05-30,Tallink,Aliris,B,2,1,C10,18,T05-18,P045,P069,T05-20,P003,P007,14,18
T05,2026-05-30,Tallink,Aliris,A,2,1,C2,18,T05-01,P020,P061,T05-04,P050,P012,8,18
T05,2026-05-30,Tallink,Aliris,A,2,1,C3,18,T05-03,P041,P010,T05-06,P018,P054,18,8
T05,2026-05-30,Tallink,Aliris,A,2,1,C4,18,T05-05,P023,P059,T05-08,P042,P039,16,18
T05,2026-05-30,Tallink,Aliris,A,2,1,C5,18,T05-07,P014,P011,T05-10,P072,P008,13,18
T05,2026-05-30,Tallink,Aliris,A,2,1,C6,18,T05-09,P009,P047,T05-12,P016,P062,18,9
T05,2026-05-30,Tallink,Aliris,B,2,1,C7,18,T05-13,P015,P057,T05-19,P070,P064,18,10
T05,2026-05-30,Tallink,Aliris,B,2,1,C8,18,T05-15,P005,P040,T05-16,P071,P049,18,4
T05,2026-05-30,Tallink,Aliris,B,2,1,C9,18,T05-17,P022,P017,T05-14,P056,P004,18,17
T05,2026-05-30,Tallink,Aliris,A,3,1,C1,18,T05-11,P006,P019,T05-04,P050,P012,9,18
T05,2026-05-30,Tallink,Aliris,B,3,1,C10,18,T05-19,P070,P064,T05-17,P022,P017,7,18
T05,2026-05-30,Tallink,Aliris,A,3,1,C2,18,T05-01,P020,P061,T05-06,P018,P054,18,12
T05,2026-05-30,Tallink,Aliris,A,3,1,C3,18,T05-03,P041,P010,T05-08,P042,P039,18,17
T05,2026-05-30,Tallink,Aliris,A,3,1,C4,18,T05-05,P023,P059,T05-10,P072,P008,18,15
T05,2026-05-30,Tallink,Aliris,A,3,1,C5,18,T05-07,P014,P011,T05-12,P016,P062,18,13
T05,2026-05-30,Tallink,Aliris,A,3,1,C6,18,T05-09,P009,P047,T05-02,P001,P043,16,18
T05,2026-05-30,Tallink,Aliris,B,3,1,C7,18,T05-13,P015,P057,T05-18,P045,P069,18,9
T05,2026-05-30,Tallink,Aliris,B,3,1,C8,18,T05-16,P071,P049,T05-20,P003,P007,9,18
T05,2026-05-30,Tallink,Aliris,B,3,1,C9,18,T05-14,P056,P004,T05-15,P005,P040,14,18
T05,2026-05-30,Tallink,Aliris,A,4,1,C1,18,T05-11,P006,P019,T05-06,P018,P054,16,18
T05,2026-05-30,Tallink,Aliris,B,4,1,C10,18,T05-19,P070,P064,T05-15,P005,P040,6,18
T05,2026-05-30,Tallink,Aliris,A,4,1,C2,18,T05-01,P020,P061,T05-08,P042,P039,18,12
T05,2026-05-30,Tallink,Aliris,A,4,1,C3,18,T05-03,P041,P010,T05-10,P072,P008,18,8
T05,2026-05-30,Tallink,Aliris,A,4,1,C4,18,T05-05,P023,P059,T05-12,P016,P062,18,17
T05,2026-05-30,Tallink,Aliris,A,4,1,C5,18,T05-07,P014,P011,T05-02,P001,P043,18,15
T05,2026-05-30,Tallink,Aliris,A,4,1,C6,18,T05-09,P009,P047,T05-04,P050,P012,16,18
T05,2026-05-30,Tallink,Aliris,B,4,1,C7,18,T05-13,P015,P057,T05-17,P022,P017,18,10
T05,2026-05-30,Tallink,Aliris,B,4,1,C8,18,T05-14,P056,P004,T05-20,P003,P007,18,12
T05,2026-05-30,Tallink,Aliris,B,4,1,C9,18,T05-16,P071,P049,T05-18,P045,P069,6,18
T05,2026-05-30,Tallink,Aliris,A,5,1,C1,18,T05-11,P006,P019,T05-08,P042,P039,18,15
T05,2026-05-30,Tallink,Aliris,B,5,1,C10,18,T05-19,P070,P064,T05-20,P003,P007,6,18
T05,2026-05-30,Tallink,Aliris,A,5,1,C2,18,T05-01,P020,P061,T05-10,P072,P008,18,11
T05,2026-05-30,Tallink,Aliris,A,5,1,C3,18,T05-03,P041,P010,T05-12,P016,P062,18,7
T05,2026-05-30,Tallink,Aliris,A,5,1,C4,18,T05-05,P023,P059,T05-02,P001,P043,18,16
T05,2026-05-30,Tallink,Aliris,A,5,1,C5,18,T05-07,P014,P011,T05-04,P050,P012,10,18
T05,2026-05-30,Tallink,Aliris,A,5,1,C6,18,T05-09,P009,P047,T05-06,P018,P054,16,18
T05,2026-05-30,Tallink,Aliris,B,5,1,C7,18,T05-13,P015,P057,T05-16,P071,P049,18,2
T05,2026-05-30,Tallink,Aliris,B,5,1,C8,18,T05-15,P005,P040,T05-17,P022,P017,14,18
T05,2026-05-30,Tallink,Aliris,B,5,1,C9,18,T05-18,P045,P069,T05-14,P056,P004,6,18
T05,2026-05-30,Tallink,Aliris,A,6,1,C1,18,T05-11,P006,P019,T05-10,P072,P008,18,16
T05,2026-05-30,Tallink,Aliris,B,6,1,C10,18,T05-19,P070,P064,T05-18,P045,P069,8,18
T05,2026-05-30,Tallink,Aliris,A,6,1,C2,18,T05-01,P020,P061,T05-12,P016,P062,18,6
T05,2026-05-30,Tallink,Aliris,A,6,1,C3,18,T05-03,P041,P010,T05-02,P001,P043,18,16
T05,2026-05-30,Tallink,Aliris,A,6,1,C4,18,T05-05,P023,P059,T05-04,P050,P012,12,18
T05,2026-05-30,Tallink,Aliris,A,6,1,C5,18,T05-07,P014,P011,T05-06,P018,P054,18,17
T05,2026-05-30,Tallink,Aliris,A,6,1,C6,18,T05-09,P009,P047,T05-08,P042,P039,9,18
T05,2026-05-30,Tallink,Aliris,B,6,1,C7,18,T05-13,P015,P057,T05-15,P005,P040,7,18
T05,2026-05-30,Tallink,Aliris,B,6,1,C8,18,T05-16,P071,P049,T05-14,P056,P004,6,18
T05,2026-05-30,Tallink,Aliris,B,6,1,C9,18,T05-17,P022,P017,T05-20,P003,P007,12,18
T05,2026-05-30,Tallink,Aliris,A,7,1,C1,18,T05-10,P072,P008,T05-12,P016,P062,16,18
T05,2026-05-30,Tallink,Aliris,B,7,1,C10,18,T05-17,P022,P017,T05-18,P045,P069,18,14
T05,2026-05-30,Tallink,Aliris,A,7,1,C2,18,T05-01,P020,P061,T05-03,P041,P010,18,13
T05,2026-05-30,Tallink,Aliris,A,7,1,C3,18,T05-02,P001,P043,T05-04,P050,P012,14,18
T05,2026-05-30,Tallink,Aliris,A,7,1,C4,18,T05-05,P023,P059,T05-07,P014,P011,14,18
T05,2026-05-30,Tallink,Aliris,A,7,1,C5,18,T05-06,P018,P054,T05-08,P042,P039,16,18
T05,2026-05-30,Tallink,Aliris,A,7,1,C6,18,T05-09,P009,P047,T05-11,P006,P019,16,18
T05,2026-05-30,Tallink,Aliris,B,7,1,C7,18,T05-13,P015,P057,T05-14,P056,P004,16,18
T05,2026-05-30,Tallink,Aliris,B,7,1,C8,18,T05-15,P005,P040,T05-20,P003,P007,14,18
T05,2026-05-30,Tallink,Aliris,B,7,1,C9,18,T05-16,P071,P049,T05-19,P070,P064,16,18
T05,2026-05-30,Tallink,Aliris,A,8,1,C1,18,T05-08,P042,P039,T05-12,P016,P062,18,8
T05,2026-05-30,Tallink,Aliris,B,8,1,C10,18,T05-16,P071,P049,T05-17,P022,P017,10,18
T05,2026-05-30,Tallink,Aliris,A,8,1,C2,18,T05-01,P020,P061,T05-05,P023,P059,18,17
T05,2026-05-30,Tallink,Aliris,A,8,1,C3,18,T05-02,P001,P043,T05-06,P018,P054,18,13
T05,2026-05-30,Tallink,Aliris,A,8,1,C4,18,T05-03,P041,P010,T05-09,P009,P047,18,10
T05,2026-05-30,Tallink,Aliris,A,8,1,C5,18,T05-04,P050,P012,T05-10,P072,P008,18,11
T05,2026-05-30,Tallink,Aliris,A,8,1,C6,18,T05-07,P014,P011,T05-11,P006,P019,18,16
T05,2026-05-30,Tallink,Aliris,B,8,1,C7,18,T05-13,P015,P057,T05-20,P003,P007,18,15
T05,2026-05-30,Tallink,Aliris,B,8,1,C8,18,T05-14,P056,P004,T05-19,P070,P064,18,8
T05,2026-05-30,Tallink,Aliris,B,8,1,C9,18,T05-15,P005,P040,T05-18,P045,P069,18,13
T05,2026-05-30,Tallink,Aliris,A,9,1,C1,18,T05-06,P018,P054,T05-10,P072,P008,8,18
T05,2026-05-30,Tallink,Aliris,B,9,1,C10,18,T05-15,P005,P040,T05-16,P071,P049,18,9
T05,2026-05-30,Tallink,Aliris,A,9,1,C2,18,T05-01,P020,P061,T05-07,P014,P011,18,16
T05,2026-05-30,Tallink,Aliris,A,9,1,C3,18,T05-02,P001,P043,T05-08,P042,P039,18,14
T05,2026-05-30,Tallink,Aliris,A,9,1,C4,18,T05-03,P041,P010,T05-11,P006,P019,18,13
T05,2026-05-30,Tallink,Aliris,A,9,1,C5,18,T05-04,P050,P012,T05-12,P016,P062,18,9
T05,2026-05-30,Tallink,Aliris,A,9,1,C6,18,T05-05,P023,P059,T05-09,P009,P047,18,14
T05,2026-05-30,Tallink,Aliris,B,9,1,C7,18,T05-13,P015,P057,T05-19,P070,P064,18,8
T05,2026-05-30,Tallink,Aliris,B,9,1,C8,18,T05-20,P003,P007,T05-18,P045,P069,18,6
T05,2026-05-30,Tallink,Aliris,B,9,1,C9,18,T05-14,P056,P004,T05-17,P022,P017,9,18
T05,2026-05-30,Tallink,Aliris,A,10,1,C1,18,T05-06,P018,P054,T05-12,P016,P062,18,12
T05,2026-05-30,Tallink,Aliris,B,10,1,C10,18,T05-14,P056,P004,T05-15,P005,P040,18,15
T05,2026-05-30,Tallink,Aliris,A,10,1,C2,18,T05-01,P020,P061,T05-09,P009,P047,16,18
T05,2026-05-30,Tallink,Aliris,A,10,1,C3,18,T05-02,P001,P043,T05-10,P072,P008,4,18
T05,2026-05-30,Tallink,Aliris,A,10,1,C4,18,T05-03,P041,P010,T05-07,P014,P011,18,16
T05,2026-05-30,Tallink,Aliris,A,10,1,C5,18,T05-04,P050,P012,T05-08,P042,P039,18,9
T05,2026-05-30,Tallink,Aliris,A,10,1,C6,18,T05-05,P023,P059,T05-11,P006,P019,18,12
T05,2026-05-30,Tallink,Aliris,B,10,1,C7,18,T05-13,P015,P057,T05-18,P045,P069,18,17
T05,2026-05-30,Tallink,Aliris,B,10,1,C8,18,T05-17,P022,P017,T05-19,P070,P064,18,12
T05,2026-05-30,Tallink,Aliris,B,10,1,C9,18,T05-16,P071,P049,T05-20,P003,P007,13,18
T05,2026-05-30,Tallink,Aliris,A,11,1,C1,18,T05-08,P042,P039,T05-10,P072,P008,18,11
T05,2026-05-30,Tallink,Aliris,B,11,1,C10,18,T05-14,P056,P004,T05-20,P003,P007,17,18
T05,2026-05-30,Tallink,Aliris,A,11,1,C2,18,T05-01,P020,P061,T05-11,P006,P019,18,14
T05,2026-05-30,Tallink,Aliris,A,11,1,C3,18,T05-02,P001,P043,T05-12,P016,P062,18,14
T05,2026-05-30,Tallink,Aliris,A,11,1,C4,18,T05-03,P041,P010,T05-05,P023,P059,18,14
T05,2026-05-30,Tallink,Aliris,A,11,1,C5,18,T05-04,P050,P012,T05-06,P018,P054,18,9
T05,2026-05-30,Tallink,Aliris,A,11,1,C6,18,T05-07,P014,P011,T05-09,P009,P047,18,14
T05,2026-05-30,Tallink,Aliris,B,11,1,C7,18,T05-13,P015,P057,T05-17,P022,P017,18,15
T05,2026-05-30,Tallink,Aliris,B,11,1,C8,18,T05-16,P071,P049,T05-18,P045,P069,7,18
T05,2026-05-30,Tallink,Aliris,B,11,1,C9,18,T05-15,P005,P040,T05-19,P070,P064,18,10
T06,2026-06-06,Tallink,Aliris,A,1,1,C1,18,T06-11,P009,P012,T06-12,P038,P004,11,18
T06,2026-06-06,Tallink,Aliris,B,1,1,C10,18,T06-17,P048,P022,T06-16,P003,P056,14,18
T06,2026-06-06,Tallink,Aliris,A,1,1,C2,18,T06-01,P041,P010,T06-02,P019,P020,7,18
T06,2026-06-06,Tallink,Aliris,A,1,1,C3,18,T06-03,P001,P042,T06-04,P016,P039,17,18
T06,2026-06-06,Tallink,Aliris,A,1,1,C4,18,T06-05,P002,P018,T06-06,P023,P059,8,18
T06,2026-06-06,Tallink,Aliris,A,1,1,C5,18,T06-07,P036,P030,T06-08,P014,P073,18,13
T06,2026-06-06,Tallink,Aliris,A,1,1,C6,18,T06-09,P043,P044,T06-10,P028,P021,9,18
T06,2026-06-06,Tallink,Aliris,B,1,1,C7,18,T06-13,P005,P040,T06-20,P045,P066,18,9
T06,2026-06-06,Tallink,Aliris,B,1,1,C8,18,T06-14,P065,P047,T06-19,P025,P074,18,17
T06,2026-06-06,Tallink,Aliris,B,1,1,C9,18,T06-15,P037,P007,T06-18,P075,P013,18,13
T06,2026-06-06,Tallink,Aliris,A,2,1,C1,18,T06-11,P009,P012,T06-02,P019,P020,14,18
T06,2026-06-06,Tallink,Aliris,B,2,1,C10,18,T06-18,P075,P013,T06-20,P045,P066,10,18
T06,2026-06-06,Tallink,Aliris,A,2,1,C2,18,T06-01,P041,P010,T06-04,P016,P039,13,18
T06,2026-06-06,Tallink,Aliris,A,2,1,C3,18,T06-03,P001,P042,T06-06,P023,P059,16,18
T06,2026-06-06,Tallink,Aliris,A,2,1,C4,18,T06-05,P002,P018,T06-08,P014,P073,17,18
T06,2026-06-06,Tallink,Aliris,A,2,1,C5,18,T06-07,P036,P030,T06-10,P028,P021,18,17
T06,2026-06-06,Tallink,Aliris,A,2,1,C6,18,T06-09,P043,P044,T06-12,P038,P004,8,18
T06,2026-06-06,Tallink,Aliris,B,2,1,C7,18,T06-13,P005,P040,T06-19,P025,P074,14,18
T06,2026-06-06,Tallink,Aliris,B,2,1,C8,18,T06-15,P037,P007,T06-16,P003,P056,18,12
T06,2026-06-06,Tallink,Aliris,B,2,1,C9,18,T06-17,P048,P022,T06-14,P065,P047,18,15
T06,2026-06-06,Tallink,Aliris,A,3,1,C1,18,T06-11,P009,P012,T06-04,P016,P039,17,18
T06,2026-06-06,Tallink,Aliris,B,3,1,C10,18,T06-19,P025,P074,T06-17,P048,P022,10,18
T06,2026-06-06,Tallink,Aliris,A,3,1,C2,18,T06-01,P041,P010,T06-06,P023,P059,16,18
T06,2026-06-06,Tallink,Aliris,A,3,1,C3,18,T06-03,P001,P042,T06-08,P014,P073,6,18
T06,2026-06-06,Tallink,Aliris,A,3,1,C4,18,T06-05,P002,P018,T06-10,P028,P021,15,18
T06,2026-06-06,Tallink,Aliris,A,3,1,C5,18,T06-07,P036,P030,T06-12,P038,P004,18,12
T06,2026-06-06,Tallink,Aliris,A,3,1,C6,18,T06-09,P043,P044,T06-02,P019,P020,18,14
T06,2026-06-06,Tallink,Aliris,B,3,1,C7,18,T06-13,P005,P040,T06-18,P075,P013,18,10
T06,2026-06-06,Tallink,Aliris,B,3,1,C8,18,T06-16,P003,P056,T06-20,P045,P066,15,18
T06,2026-06-06,Tallink,Aliris,B,3,1,C9,18,T06-14,P065,P047,T06-15,P037,P007,18,15
T06,2026-06-06,Tallink,Aliris,A,4,1,C1,18,T06-11,P009,P012,T06-06,P023,P059,16,18
T06,2026-06-06,Tallink,Aliris,B,4,1,C10,18,T06-19,P025,P074,T06-15,P037,P007,12,18
T06,2026-06-06,Tallink,Aliris,A,4,1,C2,18,T06-01,P041,P010,T06-08,P014,P073,18,15
T06,2026-06-06,Tallink,Aliris,A,4,1,C3,18,T06-03,P001,P042,T06-10,P028,P021,13,18
T06,2026-06-06,Tallink,Aliris,A,4,1,C4,18,T06-05,P002,P018,T06-12,P038,P004,18,8
T06,2026-06-06,Tallink,Aliris,A,4,1,C5,18,T06-07,P036,P030,T06-02,P019,P020,18,13
T06,2026-06-06,Tallink,Aliris,A,4,1,C6,18,T06-09,P043,P044,T06-04,P016,P039,18,17
T06,2026-06-06,Tallink,Aliris,B,4,1,C7,18,T06-13,P005,P040,T06-17,P048,P022,14,18
T06,2026-06-06,Tallink,Aliris,B,4,1,C8,18,T06-14,P065,P047,T06-20,P045,P066,18,16
T06,2026-06-06,Tallink,Aliris,B,4,1,C9,18,T06-16,P003,P056,T06-18,P075,P013,18,15
T06,2026-06-06,Tallink,Aliris,A,5,1,C1,18,T06-11,P009,P012,T06-08,P014,P073,16,18
T06,2026-06-06,Tallink,Aliris,B,5,1,C10,18,T06-19,P025,P074,T06-20,P045,P066,18,17
T06,2026-06-06,Tallink,Aliris,A,5,1,C2,18,T06-01,P041,P010,T06-10,P028,P021,14,18
T06,2026-06-06,Tallink,Aliris,A,5,1,C3,18,T06-03,P001,P042,T06-12,P038,P004,18,9
T06,2026-06-06,Tallink,Aliris,A,5,1,C4,18,T06-05,P002,P018,T06-02,P019,P020,18,7
T06,2026-06-06,Tallink,Aliris,A,5,1,C5,18,T06-07,P036,P030,T06-04,P016,P039,7,18
T06,2026-06-06,Tallink,Aliris,A,5,1,C6,18,T06-09,P043,P044,T06-06,P023,P059,15,18
T06,2026-06-06,Tallink,Aliris,B,5,1,C7,18,T06-13,P005,P040,T06-16,P003,P056,18,8
T06,2026-06-06,Tallink,Aliris,B,5,1,C8,18,T06-15,P037,P007,T06-17,P048,P022,18,17
T06,2026-06-06,Tallink,Aliris,B,5,1,C9,18,T06-18,P075,P013,T06-14,P065,P047,7,18
T06,2026-06-06,Tallink,Aliris,A,6,1,C1,18,T06-11,P009,P012,T06-10,P028,P021,14,18
T06,2026-06-06,Tallink,Aliris,B,6,1,C10,18,T06-19,P025,P074,T06-18,P075,P013,18,6
T06,2026-06-06,Tallink,Aliris,A,6,1,C2,18,T06-01,P041,P010,T06-12,P038,P004,10,18
T06,2026-06-06,Tallink,Aliris,A,6,1,C3,18,T06-03,P001,P042,T06-02,P019,P020,18,17
T06,2026-06-06,Tallink,Aliris,A,6,1,C4,18,T06-05,P002,P018,T06-04,P016,P039,18,12
T06,2026-06-06,Tallink,Aliris,A,6,1,C5,18,T06-07,P036,P030,T06-06,P023,P059,14,18
T06,2026-06-06,Tallink,Aliris,A,6,1,C6,18,T06-09,P043,P044,T06-08,P014,P073,18,16
T06,2026-06-06,Tallink,Aliris,B,6,1,C7,18,T06-13,P005,P040,T06-15,P037,P007,18,15
T06,2026-06-06,Tallink,Aliris,B,6,1,C8,18,T06-16,P003,P056,T06-14,P065,P047,13,18
T06,2026-06-06,Tallink,Aliris,B,6,1,C9,18,T06-17,P048,P022,T06-20,P045,P066,12,18
T06,2026-06-06,Tallink,Aliris,A,7,1,C1,18,T06-10,P028,P021,T06-12,P038,P004,16,18
T06,2026-06-06,Tallink,Aliris,B,7,1,C10,18,T06-17,P048,P022,T06-18,P075,P013,18,16
T06,2026-06-06,Tallink,Aliris,A,7,1,C2,18,T06-01,P041,P010,T06-03,P001,P042,14,18
T06,2026-06-06,Tallink,Aliris,A,7,1,C3,18,T06-02,P019,P020,T06-04,P016,P039,18,10
T06,2026-06-06,Tallink,Aliris,A,7,1,C4,18,T06-05,P002,P018,T06-07,P036,P030,18,13
T06,2026-06-06,Tallink,Aliris,A,7,1,C5,18,T06-06,P023,P059,T06-08,P014,P073,17,18
T06,2026-06-06,Tallink,Aliris,A,7,1,C6,18,T06-09,P043,P044,T06-11,P009,P012,16,18
T06,2026-06-06,Tallink,Aliris,B,7,1,C7,18,T06-13,P005,P040,T06-14,P065,P047,13,18
T06,2026-06-06,Tallink,Aliris,B,7,1,C8,18,T06-15,P037,P007,T06-20,P045,P066,18,11
T06,2026-06-06,Tallink,Aliris,B,7,1,C9,18,T06-16,P003,P056,T06-19,P025,P074,17,18
T06,2026-06-06,Tallink,Aliris,A,8,1,C1,18,T06-08,P014,P073,T06-12,P038,P004,18,16
T06,2026-06-06,Tallink,Aliris,B,8,1,C10,18,T06-16,P003,P056,T06-17,P048,P022,18,16
T06,2026-06-06,Tallink,Aliris,A,8,1,C2,18,T06-01,P041,P010,T06-05,P002,P018,16,18
T06,2026-06-06,Tallink,Aliris,A,8,1,C3,18,T06-02,P019,P020,T06-06,P023,P059,17,18
T06,2026-06-06,Tallink,Aliris,A,8,1,C4,18,T06-03,P001,P042,T06-09,P043,P044,18,16
T06,2026-06-06,Tallink,Aliris,A,8,1,C5,18,T06-04,P016,P039,T06-10,P028,P021,11,18
T06,2026-06-06,Tallink,Aliris,A,8,1,C6,18,T06-07,P036,P030,T06-11,P009,P012,18,13
T06,2026-06-06,Tallink,Aliris,B,8,1,C7,18,T06-13,P005,P040,T06-20,P045,P066,18,11
T06,2026-06-06,Tallink,Aliris,B,8,1,C8,18,T06-14,P065,P047,T06-19,P025,P074,11,18
T06,2026-06-06,Tallink,Aliris,B,8,1,C9,18,T06-15,P037,P007,T06-18,P075,P013,18,8
T06,2026-06-06,Tallink,Aliris,A,9,1,C1,18,T06-06,P023,P059,T06-10,P028,P021,18,12
T06,2026-06-06,Tallink,Aliris,B,9,1,C10,18,T06-15,P037,P007,T06-16,P003,P056,18,15
T06,2026-06-06,Tallink,Aliris,A,9,1,C2,18,T06-01,P041,P010,T06-07,P036,P030,18,12
T06,2026-06-06,Tallink,Aliris,A,9,1,C3,18,T06-02,P019,P020,T06-08,P014,P073,18,14
T06,2026-06-06,Tallink,Aliris,A,9,1,C4,18,T06-03,P001,P042,T06-11,P009,P012,18,8
T06,2026-06-06,Tallink,Aliris,A,9,1,C5,18,T06-04,P016,P039,T06-12,P038,P004,18,14
T06,2026-06-06,Tallink,Aliris,A,9,1,C6,18,T06-05,P002,P018,T06-09,P043,P044,18,11
T06,2026-06-06,Tallink,Aliris,B,9,1,C7,18,T06-13,P005,P040,T06-19,P025,P074,17,18
T06,2026-06-06,Tallink,Aliris,B,9,1,C8,18,T06-20,P045,P066,T06-18,P075,P013,18,8
T06,2026-06-06,Tallink,Aliris,B,9,1,C9,18,T06-14,P065,P047,T06-17,P048,P022,5,18
T06,2026-06-06,Tallink,Aliris,A,10,1,C1,18,T06-06,P023,P059,T06-12,P038,P004,18,10
T06,2026-06-06,Tallink,Aliris,B,10,1,C10,18,T06-14,P065,P047,T06-15,P037,P007,11,18
T06,2026-06-06,Tallink,Aliris,A,10,1,C2,18,T06-01,P041,P010,T06-09,P043,P044,13,18
T06,2026-06-06,Tallink,Aliris,A,10,1,C3,18,T06-02,P019,P020,T06-10,P028,P021,15,18
T06,2026-06-06,Tallink,Aliris,A,10,1,C4,18,T06-03,P001,P042,T06-07,P036,P030,18,14
T06,2026-06-06,Tallink,Aliris,A,10,1,C5,18,T06-04,P016,P039,T06-08,P014,P073,18,12
T06,2026-06-06,Tallink,Aliris,A,10,1,C6,18,T06-05,P002,P018,T06-11,P009,P012,18,16
T06,2026-06-06,Tallink,Aliris,B,10,1,C7,18,T06-13,P005,P040,T06-18,P075,P013,18,13
T06,2026-06-06,Tallink,Aliris,B,10,1,C8,18,T06-17,P048,P022,T06-19,P025,P074,7,18
T06,2026-06-06,Tallink,Aliris,B,10,1,C9,18,T06-16,P003,P056,T06-20,P045,P066,10,18
T06,2026-06-06,Tallink,Aliris,A,11,1,C1,18,T06-08,P014,P073,T06-10,P028,P021,12,18
T06,2026-06-06,Tallink,Aliris,B,11,1,C10,18,T06-14,P065,P047,T06-20,P045,P066,13,18
T06,2026-06-06,Tallink,Aliris,A,11,1,C2,18,T06-01,P041,P010,T06-11,P009,P012,18,5
T06,2026-06-06,Tallink,Aliris,A,11,1,C3,18,T06-02,P019,P020,T06-12,P038,P004,18,15
T06,2026-06-06,Tallink,Aliris,A,11,1,C4,18,T06-03,P001,P042,T06-05,P002,P018,18,6
T06,2026-06-06,Tallink,Aliris,A,11,1,C5,18,T06-04,P016,P039,T06-06,P023,P059,18,16
T06,2026-06-06,Tallink,Aliris,A,11,1,C6,18,T06-07,P036,P030,T06-09,P043,P044,18,14
T06,2026-06-06,Tallink,Aliris,B,11,1,C7,18,T06-13,P005,P040,T06-17,P048,P022,18,13
T06,2026-06-06,Tallink,Aliris,B,11,1,C8,18,T06-16,P003,P056,T06-18,P075,P013,18,16
T06,2026-06-06,Tallink,Aliris,B,11,1,C9,18,T06-15,P037,P007,T06-19,P025,P074,18,16
T07,2026-06-13,Tallink,Aliris,,1,1,C2,18,T07-01,P019,P020,T07-02,P037,P052,18,17
T07,2026-06-13,Tallink,Aliris,,1,1,C3,18,T07-03,P077,P004,T07-04,P059,P014,13,18
T07,2026-06-13,Tallink,Aliris,,1,1,C4,18,T07-05,P006,P078,T07-06,P047,P036,9,18
T07,2026-06-13,Tallink,Aliris,,1,1,C5,18,T07-07,P001,P012,T07-08,P005,P040,18,13
T07,2026-06-13,Tallink,Aliris,,1,1,C6,18,T07-09,P016,P079,T07-10,P022,P017,18,15
T07,2026-06-13,Tallink,Aliris,,1,1,C7,18,T07-11,P074,P080,T07-12,P051,P076,12,18
T07,2026-06-13,Tallink,Aliris,,1,1,C8,18,T07-13,P032,P007,T07-14,P055,P046,18,10
T07,2026-06-13,Tallink,Aliris,,2,1,C2,18,T07-01,P019,P020,T07-04,P059,P014,18,11
T07,2026-06-13,Tallink,Aliris,,2,1,C3,18,T07-03,P077,P004,T07-06,P047,P036,18,8
T07,2026-06-13,Tallink,Aliris,,2,1,C4,18,T07-05,P006,P078,T07-08,P005,P040,8,18
T07,2026-06-13,Tallink,Aliris,,2,1,C5,18,T07-07,P001,P012,T07-10,P022,P017,18,6
T07,2026-06-13,Tallink,Aliris,,2,1,C6,18,T07-09,P016,P079,T07-14,P055,P046,18,9
T07,2026-06-13,Tallink,Aliris,,2,1,C7,18,T07-11,P074,P080,T07-02,P037,P052,7,18
T07,2026-06-13,Tallink,Aliris,,2,1,C8,18,T07-12,P051,P076,T07-13,P032,P007,18,14
T07,2026-06-13,Tallink,Aliris,,3,1,C2,18,T07-01,P019,P020,T07-06,P047,P036,18,10
T07,2026-06-13,Tallink,Aliris,,3,1,C3,18,T07-03,P077,P004,T07-08,P005,P040,18,8
T07,2026-06-13,Tallink,Aliris,,3,1,C4,18,T07-05,P006,P078,T07-10,P022,P017,18,16
T07,2026-06-13,Tallink,Aliris,,3,1,C5,18,T07-07,P001,P012,T07-12,P051,P076,18,6
T07,2026-06-13,Tallink,Aliris,,3,1,C6,18,T07-09,P016,P079,T07-02,P037,P052,7,18
T07,2026-06-13,Tallink,Aliris,,3,1,C7,18,T07-11,P074,P080,T07-04,P059,P014,11,18
T07,2026-06-13,Tallink,Aliris,,3,1,C8,18,T07-13,P032,P007,T07-14,P055,P046,18,12
T07,2026-06-13,Tallink,Aliris,,4,1,C2,18,T07-01,P019,P020,T07-08,P005,P040,18,9
T07,2026-06-13,Tallink,Aliris,,4,1,C3,18,T07-03,P077,P004,T07-10,P022,P017,18,12
T07,2026-06-13,Tallink,Aliris,,4,1,C4,18,T07-05,P006,P078,T07-13,P032,P007,14,18
T07,2026-06-13,Tallink,Aliris,,4,1,C5,18,T07-07,P001,P012,T07-02,P037,P052,18,10
T07,2026-06-13,Tallink,Aliris,,4,1,C6,18,T07-09,P016,P079,T07-04,P059,P014,18,13
T07,2026-06-13,Tallink,Aliris,,4,1,C7,18,T07-11,P074,P080,T07-14,P055,P046,18,9
T07,2026-06-13,Tallink,Aliris,,4,1,C8,18,T07-06,P047,P036,T07-12,P051,P076,18,15
T07,2026-06-13,Tallink,Aliris,,5,1,C2,18,T07-01,P019,P020,T07-10,P022,P017,18,6
T07,2026-06-13,Tallink,Aliris,,5,1,C3,18,T07-03,P077,P004,T07-12,P051,P076,18,15
T07,2026-06-13,Tallink,Aliris,,5,1,C4,18,T07-05,P006,P078,T07-02,P037,P052,14,18
T07,2026-06-13,Tallink,Aliris,,5,1,C5,18,T07-07,P001,P012,T07-04,P059,P014,18,9
T07,2026-06-13,Tallink,Aliris,,5,1,C6,18,T07-09,P016,P079,T07-06,P047,P036,18,9
T07,2026-06-13,Tallink,Aliris,,5,1,C7,18,T07-11,P074,P080,T07-14,P055,P046,18,13
T07,2026-06-13,Tallink,Aliris,,5,1,C8,18,T07-08,P005,P040,T07-13,P032,P007,17,18
T07,2026-06-13,Tallink,Aliris,,6,1,C2,18,T07-01,P019,P020,T07-12,P051,P076,18,16
T07,2026-06-13,Tallink,Aliris,,6,1,C3,18,T07-03,P077,P004,T07-02,P037,P052,18,13
T07,2026-06-13,Tallink,Aliris,,6,1,C4,18,T07-05,P006,P078,T07-04,P059,P014,17,18
T07,2026-06-13,Tallink,Aliris,,6,1,C5,18,T07-07,P001,P012,T07-06,P047,P036,16,18
T07,2026-06-13,Tallink,Aliris,,6,1,C6,18,T07-09,P016,P079,T07-08,P005,P040,8,18
T07,2026-06-13,Tallink,Aliris,,6,1,C7,18,T07-11,P074,P080,T07-13,P032,P007,10,18
T07,2026-06-13,Tallink,Aliris,,6,1,C8,18,T07-10,P022,P017,T07-14,P055,P046,18,6
T07,2026-06-13,Tallink,Aliris,,7,1,C2,18,T07-01,P019,P020,T07-03,P077,P004,18,10
T07,2026-06-13,Tallink,Aliris,,7,1,C3,18,T07-02,P037,P052,T07-04,P059,P014,18,8
T07,2026-06-13,Tallink,Aliris,,7,1,C4,18,T07-05,P006,P078,T07-07,P001,P012,10,18
T07,2026-06-13,Tallink,Aliris,,7,1,C5,18,T07-06,P047,P036,T07-08,P005,P040,18,14
T07,2026-06-13,Tallink,Aliris,,7,1,C6,18,T07-09,P016,P079,T07-11,P074,P080,18,7
T07,2026-06-13,Tallink,Aliris,,7,1,C7,18,T07-10,P022,P017,T07-13,P032,P007,12,18
T07,2026-06-13,Tallink,Aliris,,7,1,C8,18,T07-12,P051,P076,T07-14,P055,P046,18,13
T07,2026-06-13,Tallink,Aliris,,8,1,C2,18,T07-01,P019,P020,T07-05,P006,P078,18,11
T07,2026-06-13,Tallink,Aliris,,8,1,C3,18,T07-02,P037,P052,T07-06,P047,P036,18,12
T07,2026-06-13,Tallink,Aliris,,8,1,C4,18,T07-03,P077,P004,T07-09,P016,P079,18,8
T07,2026-06-13,Tallink,Aliris,,8,1,C5,18,T07-04,P059,P014,T07-10,P022,P017,18,7
T07,2026-06-13,Tallink,Aliris,,8,1,C6,18,T07-07,P001,P012,T07-11,P074,P080,18,6
T07,2026-06-13,Tallink,Aliris,,8,1,C7,18,T07-08,P005,P040,T07-14,P055,P046,18,8
T07,2026-06-13,Tallink,Aliris,,8,1,C8,18,T07-12,P051,P076,T07-13,P032,P007,18,10
T07,2026-06-13,Tallink,Aliris,,9,1,C2,18,T07-01,P019,P020,T07-07,P001,P012,18,15
T07,2026-06-13,Tallink,Aliris,,9,1,C3,18,T07-02,P037,P052,T07-08,P005,P040,18,13
T07,2026-06-13,Tallink,Aliris,,9,1,C4,18,T07-03,P077,P004,T07-11,P074,P080,18,8
T07,2026-06-13,Tallink,Aliris,,9,1,C5,18,T07-04,P059,P014,T07-12,P051,P076,18,7
T07,2026-06-13,Tallink,Aliris,,9,1,C6,18,T07-05,P006,P078,T07-09,P016,P079,18,5
T07,2026-06-13,Tallink,Aliris,,9,1,C7,18,T07-06,P047,P036,T07-14,P055,P046,18,7
T07,2026-06-13,Tallink,Aliris,,9,1,C8,18,T07-10,P022,P017,T07-13,P032,P007,17,18
T07,2026-06-13,Tallink,Aliris,,10,1,C2,18,T07-01,P019,P020,T07-09,P016,P079,18,7
T07,2026-06-13,Tallink,Aliris,,10,1,C3,18,T07-02,P037,P052,T07-10,P022,P017,18,7
T07,2026-06-13,Tallink,Aliris,,10,1,C4,18,T07-03,P077,P004,T07-07,P001,P012,11,18
T07,2026-06-13,Tallink,Aliris,,10,1,C5,18,T07-04,P059,P014,T07-08,P005,P040,18,13
T07,2026-06-13,Tallink,Aliris,,10,1,C6,18,T07-06,P047,P036,T07-13,P032,P007,18,16
T07,2026-06-13,Tallink,Aliris,,10,1,C7,18,T07-05,P006,P078,T07-11,P074,P080,18,15
T07,2026-06-13,Tallink,Aliris,,10,1,C8,18,T07-12,P051,P076,T07-14,P055,P046,18,13
T07,2026-06-13,Tallink,Aliris,,11,1,C2,18,T07-01,P019,P020,T07-11,P074,P080,18,4
T07,2026-06-13,Tallink,Aliris,,11,1,C3,18,T07-02,P037,P052,T07-12,P051,P076,18,15
T07,2026-06-13,Tallink,Aliris,,11,1,C4,18,T07-03,P077,P004,T07-05,P006,P078,18,13
T07,2026-06-13,Tallink,Aliris,,11,1,C5,18,T07-04,P059,P014,T07-06,P047,P036,18,12
T07,2026-06-13,Tallink,Aliris,,11,1,C6,18,T07-07,P001,P012,T07-14,P055,P046,18,10
T07,2026-06-13,Tallink,Aliris,,11,1,C7,18,T07-08,P005,P040,T07-10,P022,P017,18,6
T07,2026-06-13,Tallink,Aliris,,11,1,C8,18,T07-09,P016,P079,T07-13,P032,P007,18,14
T08,2026-06-20,Tallink,Aliris,,1,1,C1,18,T08-01,P019,P020,T08-02,P085,P081,7,18
T08,2026-06-20,Tallink,Aliris,,1,1,C2,18,T08-03,P040,P003,T08-04,P001,P014,12,18
T08,2026-06-20,Tallink,Aliris,,1,1,C3,18,T08-07,P084,P012,T08-06,P024,P083,3,18
T08,2026-06-20,Tallink,Aliris,,1,1,C4,18,T08-05,P044,P082,T08-08,P008,P034,11,12
T08,2026-06-20,Tallink,Aliris,,1,1,C5,18,T08-09,P037,P007,T08-10,P074,P075,17,18
T08,2026-06-20,Tallink,Aliris,,2,1,C1,18,T08-01,P019,P020,T08-04,P001,P014,13,18
T08,2026-06-20,Tallink,Aliris,,2,1,C2,18,T08-03,P040,P003,T08-06,P024,P083,14,18
T08,2026-06-20,Tallink,Aliris,,2,1,C3,18,T08-05,P044,P082,T08-08,P008,P034,17,9
T08,2026-06-20,Tallink,Aliris,,2,1,C4,18,T08-07,P084,P012,T08-10,P074,P075,18,5
T08,2026-06-20,Tallink,Aliris,,2,1,C5,18,T08-09,P037,P007,T08-02,P085,P081,15,18
T08,2026-06-20,Tallink,Aliris,,3,1,C1,18,T08-01,P019,P020,T08-06,P024,P083,11,18
T08,2026-06-20,Tallink,Aliris,,3,1,C2,18,T08-03,P040,P003,T08-08,P008,P034,18,8
T08,2026-06-20,Tallink,Aliris,,3,1,C3,18,T08-05,P044,P082,T08-10,P074,P075,18,14
T08,2026-06-20,Tallink,Aliris,,3,1,C4,18,T08-07,P084,P012,T08-04,P001,P014,15,18
T08,2026-06-20,Tallink,Aliris,,3,1,C5,18,T08-09,P037,P007,T08-02,P085,P081,9,18
T08,2026-06-20,Tallink,Aliris,,4,1,C1,18,T08-01,P019,P020,T08-08,P008,P034,18,7
T08,2026-06-20,Tallink,Aliris,,4,1,C2,18,T08-03,P040,P003,T08-10,P074,P075,18,10
T08,2026-06-20,Tallink,Aliris,,4,1,C3,18,T08-05,P044,P082,T08-06,P024,P083,15,18
T08,2026-06-20,Tallink,Aliris,,4,1,C4,18,T08-07,P084,P012,T08-02,P085,P081,18,17
T08,2026-06-20,Tallink,Aliris,,4,1,C5,18,T08-09,P037,P007,T08-04,P001,P014,3,18
T08,2026-06-20,Tallink,Aliris,,5,1,C1,18,T08-01,P019,P020,T08-10,P074,P075,18,11
T08,2026-06-20,Tallink,Aliris,,5,1,C2,18,T08-03,P040,P003,T08-08,P008,P034,17,18
T08,2026-06-20,Tallink,Aliris,,5,1,C3,18,T08-05,P044,P082,T08-02,P085,P081,7,18
T08,2026-06-20,Tallink,Aliris,,5,1,C4,18,T08-07,P084,P012,T08-04,P001,P014,18,14
T08,2026-06-20,Tallink,Aliris,,5,1,C5,18,T08-09,P037,P007,T08-06,P024,P083,10,18
T08,2026-06-20,Tallink,Aliris,,6,1,C1,18,T08-01,P019,P020,T08-10,P074,P075,18,4
T08,2026-06-20,Tallink,Aliris,,6,1,C2,18,T08-03,P040,P003,T08-02,P085,P081,8,18
T08,2026-06-20,Tallink,Aliris,,6,1,C3,18,T08-05,P044,P082,T08-04,P001,P014,13,18
T08,2026-06-20,Tallink,Aliris,,6,1,C4,18,T08-07,P084,P012,T08-06,P024,P083,16,18
T08,2026-06-20,Tallink,Aliris,,6,1,C5,18,T08-09,P037,P007,T08-08,P008,P034,12,18
T08,2026-06-20,Tallink,Aliris,,7,1,C1,18,T08-02,P085,P081,T08-04,P001,P014,13,18
T08,2026-06-20,Tallink,Aliris,,7,1,C2,18,T08-01,P019,P020,T08-03,P040,P003,18,11
T08,2026-06-20,Tallink,Aliris,,7,1,C3,18,T08-05,P044,P082,T08-07,P084,P012,10,18
T08,2026-06-20,Tallink,Aliris,,7,1,C4,18,T08-06,P024,P083,T08-08,P008,P034,18,15
T08,2026-06-20,Tallink,Aliris,,7,1,C5,18,T08-09,P037,P007,T08-10,P074,P075,18,16
T08,2026-06-20,Tallink,Aliris,,8,1,C1,18,T08-02,P085,P081,T08-06,P024,P083,18,10
T08,2026-06-20,Tallink,Aliris,,8,1,C2,18,T08-01,P019,P020,T08-05,P044,P082,18,11
T08,2026-06-20,Tallink,Aliris,,8,1,C3,18,T08-03,P040,P003,T08-09,P037,P007,18,17
T08,2026-06-20,Tallink,Aliris,,8,1,C4,18,T08-04,P001,P014,T08-10,P074,P075,18,7
T08,2026-06-20,Tallink,Aliris,,8,1,C5,18,T08-07,P084,P012,T08-08,P008,P034,18,7
T08,2026-06-20,Tallink,Aliris,,9,1,C1,18,T08-02,P085,P081,T08-08,P008,P034,18,4
T08,2026-06-20,Tallink,Aliris,,9,1,C2,18,T08-01,P019,P020,T08-07,P084,P012,18,17
T08,2026-06-20,Tallink,Aliris,,9,1,C3,18,T08-03,P040,P003,T08-04,P001,P014,16,18
T08,2026-06-20,Tallink,Aliris,,9,1,C4,18,T08-05,P044,P082,T08-09,P037,P007,13,18
T08,2026-06-20,Tallink,Aliris,,9,1,C5,18,T08-06,P024,P083,T08-10,P074,P075,18,3
T08,2026-06-20,Tallink,Aliris,,10,1,C1,18,T08-03,P040,P003,T08-07,P084,P012,18,11
T08,2026-06-20,Tallink,Aliris,,10,1,C2,18,T08-01,P019,P020,T08-09,P037,P007,17,18
T08,2026-06-20,Tallink,Aliris,,10,1,C3,18,T08-02,P085,P081,T08-10,P074,P075,18,6
T08,2026-06-20,Tallink,Aliris,,10,1,C4,18,T08-04,P001,P014,T08-08,P008,P034,18,8
T08,2026-06-20,Tallink,Aliris,,10,1,C5,18,T08-05,P044,P082,T08-06,P024,P083,7,18
T08,2026-06-20,Tallink,Aliris,,11,1,C1,18,T08-03,P040,P003,T08-05,P044,P082,16,18
T08,2026-06-20,Tallink,Aliris,,11,1,C2,18,T08-04,P001,P014,T08-06,P024,P083,18,14
T08,2026-06-20,Tallink,Aliris,,11,1,C3,18,T08-01,P019,P020,T08-02,P085,P081,18,17
T08,2026-06-20,Tallink,Aliris,,11,1,C4,18,T08-07,P084,P012,T08-09,P037,P007,18,12
T08,2026-06-20,Tallink,Aliris,,11,1,C5,18,T08-08,P008,P034,T08-10,P074,P075,17,18
T09,2026-06-27,Tallink,Aliris,,1,1,C2,18,T09-01,P006,P086,T09-02,P019,P020,18,8
T09,2026-06-27,Tallink,Aliris,,1,1,C3,18,T09-03,P001,P057,T09-04,P039,P087,18,14
T09,2026-06-27,Tallink,Aliris,,1,1,C4,18,T09-05,P044,P076,T09-06,P023,P008,17,18
T09,2026-06-27,Tallink,Aliris,,1,1,C5,18,T09-07,P035,P004,T09-08,P037,P016,18,13
T09,2026-06-27,Tallink,Aliris,,1,1,C6,18,T09-09,P088,P090,T09-10,P005,P040,6,18
T09,2026-06-27,Tallink,Aliris,,1,1,C7,18,T09-11,P038,P089,T09-12,P048,P022,18,12
T09,2026-06-27,Tallink,Aliris,,1,1,C8,18,T09-13,P074,P025,T09-14,P058,P070,18,11
T09,2026-06-27,Tallink,Aliris,,2,1,C2,18,T09-01,P006,P086,T09-04,P039,P087,18,16
T09,2026-06-27,Tallink,Aliris,,2,1,C3,18,T09-03,P001,P057,T09-06,P023,P008,14,18
T09,2026-06-27,Tallink,Aliris,,2,1,C4,18,T09-05,P044,P076,T09-08,P037,P016,18,11
T09,2026-06-27,Tallink,Aliris,,2,1,C5,18,T09-07,P035,P004,T09-13,P074,P025,15,18
T09,2026-06-27,Tallink,Aliris,,2,1,C6,18,T09-09,P088,P090,T09-14,P058,P070,13,18
T09,2026-06-27,Tallink,Aliris,,2,1,C7,18,T09-11,P038,P089,T09-02,P019,P020,14,18
T09,2026-06-27,Tallink,Aliris,,2,1,C8,18,T09-12,P048,P022,T09-10,P005,P040,18,13
T09,2026-06-27,Tallink,Aliris,,3,1,C2,18,T09-01,P006,P086,T09-06,P023,P008,18,9
T09,2026-06-27,Tallink,Aliris,,3,1,C3,18,T09-03,P001,P057,T09-08,P037,P016,18,14
T09,2026-06-27,Tallink,Aliris,,3,1,C4,18,T09-05,P044,P076,T09-10,P005,P040,16,18
T09,2026-06-27,Tallink,Aliris,,3,1,C5,18,T09-07,P035,P004,T09-12,P048,P022,18,8
T09,2026-06-27,Tallink,Aliris,,3,1,C6,18,T09-09,P088,P090,T09-02,P019,P020,6,18
T09,2026-06-27,Tallink,Aliris,,3,1,C7,18,T09-11,P038,P089,T09-04,P039,P087,18,16
T09,2026-06-27,Tallink,Aliris,,3,1,C8,18,T09-13,P074,P025,T09-14,P058,P070,18,13
T09,2026-06-27,Tallink,Aliris,,4,1,C2,18,T09-01,P006,P086,T09-08,P037,P016,18,6
T09,2026-06-27,Tallink,Aliris,,4,1,C3,18,T09-03,P001,P057,T09-14,P058,P070,18,13
T09,2026-06-27,Tallink,Aliris,,4,1,C4,18,T09-05,P044,P076,T09-13,P074,P025,18,14
T09,2026-06-27,Tallink,Aliris,,4,1,C5,18,T09-07,P035,P004,T09-02,P019,P020,10,18
T09,2026-06-27,Tallink,Aliris,,4,1,C6,18,T09-09,P088,P090,T09-04,P039,P087,8,18
T09,2026-06-27,Tallink,Aliris,,4,1,C7,18,T09-11,P038,P089,T09-10,P005,P040,13,18
T09,2026-06-27,Tallink,Aliris,,4,1,C8,18,T09-06,P023,P008,T09-12,P048,P022,18,11
T09,2026-06-27,Tallink,Aliris,,5,1,C2,18,T09-01,P006,P086,T09-10,P005,P040,18,13
T09,2026-06-27,Tallink,Aliris,,5,1,C3,18,T09-03,P001,P057,T09-12,P048,P022,18,14
T09,2026-06-27,Tallink,Aliris,,5,1,C4,18,T09-05,P044,P076,T09-02,P019,P020,7,18
T09,2026-06-27,Tallink,Aliris,,5,1,C5,18,T09-07,P035,P004,T09-04,P039,P087,18,15
T09,2026-06-27,Tallink,Aliris,,5,1,C6,18,T09-09,P088,P090,T09-06,P023,P008,6,18
T09,2026-06-27,Tallink,Aliris,,5,1,C7,18,T09-11,P038,P089,T09-14,P058,P070,18,7
T09,2026-06-27,Tallink,Aliris,,5,1,C8,18,T09-08,P037,P016,T09-13,P074,P025,9,18
T09,2026-06-27,Tallink,Aliris,,6,1,C2,18,T09-01,P006,P086,T09-12,P048,P022,18,10
T09,2026-06-27,Tallink,Aliris,,6,1,C3,18,T09-03,P001,P057,T09-02,P019,P020,10,18
T09,2026-06-27,Tallink,Aliris,,6,1,C4,18,T09-05,P044,P076,T09-04,P039,P087,18,10
T09,2026-06-27,Tallink,Aliris,,6,1,C5,18,T09-07,P035,P004,T09-06,P023,P008,17,18
T09,2026-06-27,Tallink,Aliris,,6,1,C6,18,T09-09,P088,P090,T09-08,P037,P016,7,18
T09,2026-06-27,Tallink,Aliris,,6,1,C7,18,T09-11,P038,P089,T09-13,P074,P025,18,13
T09,2026-06-27,Tallink,Aliris,,6,1,C8,18,T09-10,P005,P040,T09-14,P058,P070,18,14
T09,2026-06-27,Tallink,Aliris,,7,1,C2,18,T09-01,P006,P086,T09-03,P001,P057,18,9
T09,2026-06-27,Tallink,Aliris,,7,1,C3,18,T09-02,P019,P020,T09-04,P039,P087,18,17
T09,2026-06-27,Tallink,Aliris,,7,1,C4,18,T09-05,P044,P076,T09-07,P035,P004,18,17
T09,2026-06-27,Tallink,Aliris,,7,1,C5,18,T09-06,P023,P008,T09-08,P037,P016,16,18
T09,2026-06-27,Tallink,Aliris,,7,1,C6,18,T09-09,P088,P090,T09-11,P038,P089,7,18
T09,2026-06-27,Tallink,Aliris,,7,1,C7,18,T09-10,P005,P040,T09-13,P074,P025,18,15
T09,2026-06-27,Tallink,Aliris,,7,1,C8,18,T09-12,P048,P022,T09-14,P058,P070,18,13
T09,2026-06-27,Tallink,Aliris,,8,1,C2,18,T09-01,P006,P086,T09-05,P044,P076,18,16
T09,2026-06-27,Tallink,Aliris,,8,1,C3,18,T09-02,P019,P020,T09-06,P023,P008,18,14
T09,2026-06-27,Tallink,Aliris,,8,1,C4,18,T09-03,P001,P057,T09-09,P088,P090,17,18
T09,2026-06-27,Tallink,Aliris,,8,1,C5,18,T09-04,P039,P087,T09-10,P005,P040,8,18
T09,2026-06-27,Tallink,Aliris,,8,1,C6,18,T09-07,P035,P004,T09-11,P038,P089,17,18
T09,2026-06-27,Tallink,Aliris,,8,1,C7,18,T09-08,P037,P016,T09-14,P058,P070,18,12
T09,2026-06-27,Tallink,Aliris,,8,1,C8,18,T09-12,P048,P022,T09-13,P074,P025,2,18
T09,2026-06-27,Tallink,Aliris,,9,1,C2,18,T09-01,P006,P086,T09-07,P035,P004,15,18
T09,2026-06-27,Tallink,Aliris,,9,1,C3,18,T09-02,P019,P020,T09-08,P037,P016,18,16
T09,2026-06-27,Tallink,Aliris,,9,1,C4,18,T09-03,P001,P057,T09-11,P038,P089,18,15
T09,2026-06-27,Tallink,Aliris,,9,1,C5,18,T09-04,P039,P087,T09-13,P074,P025,12,18
T09,2026-06-27,Tallink,Aliris,,9,1,C6,18,T09-05,P044,P076,T09-09,P088,P090,18,9
T09,2026-06-27,Tallink,Aliris,,9,1,C7,18,T09-06,P023,P008,T09-14,P058,P070,18,8
T09,2026-06-27,Tallink,Aliris,,9,1,C8,18,T09-10,P005,P040,T09-12,P048,P022,18,8
T09,2026-06-27,Tallink,Aliris,,10,1,C2,18,T09-01,P006,P086,T09-09,P088,P090,18,8
T09,2026-06-27,Tallink,Aliris,,10,1,C3,18,T09-02,P019,P020,T09-10,P005,P040,18,17
T09,2026-06-27,Tallink,Aliris,,10,1,C4,18,T09-03,P001,P057,T09-07,P035,P004,10,18
T09,2026-06-27,Tallink,Aliris,,10,1,C5,18,T09-04,P039,P087,T09-08,P037,P016,14,18
T09,2026-06-27,Tallink,Aliris,,10,1,C6,18,T09-06,P023,P008,T09-13,P074,P025,18,16
T09,2026-06-27,Tallink,Aliris,,10,1,C7,18,T09-05,P044,P076,T09-11,P038,P089,11,18
T09,2026-06-27,Tallink,Aliris,,10,1,C8,18,T09-12,P048,P022,T09-14,P058,P070,15,18
T09,2026-06-27,Tallink,Aliris,,11,1,C2,18,T09-01,P006,P086,T09-11,P038,P089,18,9
T09,2026-06-27,Tallink,Aliris,,11,1,C3,18,T09-02,P019,P020,T09-12,P048,P022,18,9
T09,2026-06-27,Tallink,Aliris,,11,1,C4,18,T09-03,P001,P057,T09-05,P044,P076,10,18
T09,2026-06-27,Tallink,Aliris,,11,1,C5,18,T09-04,P039,P087,T09-06,P023,P008,18,7
T09,2026-06-27,Tallink,Aliris,,11,1,C6,18,T09-07,P035,P004,T09-14,P058,P070,18,8
T09,2026-06-27,Tallink,Aliris,,11,1,C7,18,T09-08,P037,P016,T09-10,P005,P040,14,18
T09,2026-06-27,Tallink,Aliris,,11,1,C8,18,T09-09,P088,P090,T09-13,P074,P025,12,18
T10,2026-07-04,Tallink,Aliris,,1,1,C2,18,T10-01,P028,P021,T10-11,P001,P069,18,12
T10,2026-07-04,Tallink,Aliris,,1,1,C3,18,T10-02,P018,P002,T10-12,P010,P006,18,16
T10,2026-07-04,Tallink,Aliris,,1,1,C4,18,T10-03,P039,P008,T10-09,P024,P093,18,15
T10,2026-07-04,Tallink,Aliris,,1,1,C5,18,T10-04,P062,P084,T10-10,P092,P037,18,14
T10,2026-07-04,Tallink,Aliris,,1,1,C6,18,T10-15,P074,P075,T10-05,P036,P003,14,18
T10,2026-07-04,Tallink,Aliris,,1,1,C7,18,T10-06,P023,P091,T10-16,P032,P090,18,11
T10,2026-07-04,Tallink,Aliris,,1,1,C8,18,T10-13,P044,P045,T10-07,P047,P009,16,18
T10,2026-07-04,Tallink,Aliris,,1,1,C9,18,T10-14,P058,P076,T10-08,P005,P040,10,18
T10,2026-07-04,Tallink,Aliris,,2,1,C2,18,T10-01,P028,P021,T10-07,P047,P009,18,7
T10,2026-07-04,Tallink,Aliris,,2,1,C3,18,T10-02,P018,P002,T10-05,P036,P003,18,11
T10,2026-07-04,Tallink,Aliris,,2,1,C4,18,T10-06,P023,P091,T10-08,P005,P040,18,16
T10,2026-07-04,Tallink,Aliris,,2,1,C5,18,T10-04,P062,P084,T10-03,P039,P008,15,18
T10,2026-07-04,Tallink,Aliris,,2,1,C6,18,T10-13,P044,P045,T10-10,P092,P037,16,18
T10,2026-07-04,Tallink,Aliris,,2,1,C7,18,T10-15,P074,P075,T10-09,P024,P093,13,18
T10,2026-07-04,Tallink,Aliris,,2,1,C8,18,T10-16,P032,P090,T10-14,P058,P076,15,18
T10,2026-07-04,Tallink,Aliris,,2,1,C9,18,T10-11,P001,P069,T10-12,P010,P006,18,16
T10,2026-07-04,Tallink,Aliris,,3,1,C2,18,T10-01,P028,P021,T10-10,P092,P037,18,15
T10,2026-07-04,Tallink,Aliris,,3,1,C3,18,T10-03,P039,P008,T10-12,P010,P006,18,7
T10,2026-07-04,Tallink,Aliris,,3,1,C4,18,T10-02,P018,P002,T10-09,P024,P093,16,18
T10,2026-07-04,Tallink,Aliris,,3,1,C5,18,T10-04,P062,P084,T10-11,P001,P069,6,18
T10,2026-07-04,Tallink,Aliris,,3,1,C6,18,T10-05,P036,P003,T10-14,P058,P076,10,18
T10,2026-07-04,Tallink,Aliris,,3,1,C7,18,T10-07,P047,P009,T10-16,P032,P090,18,16
T10,2026-07-04,Tallink,Aliris,,3,1,C8,18,T10-13,P044,P045,T10-06,P023,P091,18,16
T10,2026-07-04,Tallink,Aliris,,3,1,C9,18,T10-08,P005,P040,T10-15,P074,P075,18,14
T10,2026-07-04,Tallink,Aliris,,4,1,C2,18,T10-01,P028,P021,T10-05,P036,P003,18,9
T10,2026-07-04,Tallink,Aliris,,4,1,C3,18,T10-11,P001,P069,T10-15,P074,P075,14,18
T10,2026-07-04,Tallink,Aliris,,4,1,C4,18,T10-12,P010,P006,T10-14,P058,P076,10,18
T10,2026-07-04,Tallink,Aliris,,4,1,C5,18,T10-07,P047,P009,T10-03,P039,P008,18,16
T10,2026-07-04,Tallink,Aliris,,4,1,C6,18,T10-02,P018,P002,T10-08,P005,P040,18,11
T10,2026-07-04,Tallink,Aliris,,4,1,C7,18,T10-06,P023,P091,T10-04,P062,P084,18,15
T10,2026-07-04,Tallink,Aliris,,4,1,C8,18,T10-16,P032,P090,T10-10,P092,P037,18,6
T10,2026-07-04,Tallink,Aliris,,4,1,C9,18,T10-09,P024,P093,T10-13,P044,P045,18,11
T10,2026-07-04,Tallink,Aliris,,5,1,C2,18,T10-01,P028,P021,T10-04,P062,P084,18,10
T10,2026-07-04,Tallink,Aliris,,5,1,C3,18,T10-03,P039,P008,T10-05,P036,P003,10,18
T10,2026-07-04,Tallink,Aliris,,5,1,C4,18,T10-06,P023,P091,T10-02,P018,P002,18,17
T10,2026-07-04,Tallink,Aliris,,5,1,C5,18,T10-07,P047,P009,T10-08,P005,P040,18,10
T10,2026-07-04,Tallink,Aliris,,5,1,C6,18,T10-09,P024,P093,T10-12,P010,P006,18,17
T10,2026-07-04,Tallink,Aliris,,5,1,C7,18,T10-11,P001,P069,T10-13,P044,P045,13,18
T10,2026-07-04,Tallink,Aliris,,5,1,C8,18,T10-14,P058,P076,T10-10,P092,P037,15,18
T10,2026-07-04,Tallink,Aliris,,5,1,C9,18,T10-15,P074,P075,T10-16,P032,P090,15,18
T10,2026-07-04,Tallink,Aliris,,6,1,C2,18,T10-01,P028,P021,T10-03,P039,P008,18,11
T10,2026-07-04,Tallink,Aliris,,6,1,C3,18,T10-04,P062,P084,T10-02,P018,P002,14,18
T10,2026-07-04,Tallink,Aliris,,6,1,C4,18,T10-05,P036,P003,T10-08,P005,P040,18,9
T10,2026-07-04,Tallink,Aliris,,6,1,C5,18,T10-07,P047,P009,T10-06,P023,P091,14,18
T10,2026-07-04,Tallink,Aliris,,6,1,C6,18,T10-09,P024,P093,T10-11,P001,P069,18,17
T10,2026-07-04,Tallink,Aliris,,6,1,C7,18,T10-14,P058,P076,T10-15,P074,P075,18,6
T10,2026-07-04,Tallink,Aliris,,6,1,C8,18,T10-10,P092,P037,T10-12,P010,P006,18,12
T10,2026-07-04,Tallink,Aliris,,6,1,C9,18,T10-13,P044,P045,T10-16,P032,P090,18,4
T10,2026-07-04,Tallink,Aliris,,7,1,C2,18,T10-01,P028,P021,T10-02,P018,P002,18,14
T10,2026-07-04,Tallink,Aliris,,7,1,C3,18,T10-07,P047,P009,T10-04,P062,P084,18,16
T10,2026-07-04,Tallink,Aliris,,7,1,C4,18,T10-05,P036,P003,T10-06,P023,P091,18,14
T10,2026-07-04,Tallink,Aliris,,7,1,C5,18,T10-03,P039,P008,T10-08,P005,P040,18,17
T10,2026-07-04,Tallink,Aliris,,7,1,C6,18,T10-09,P024,P093,T10-10,P092,P037,18,17
T10,2026-07-04,Tallink,Aliris,,7,1,C7,18,T10-12,P010,P006,T10-15,P074,P075,18,8
T10,2026-07-04,Tallink,Aliris,,7,1,C8,18,T10-13,P044,P045,T10-14,P058,P076,18,15
T10,2026-07-04,Tallink,Aliris,,7,1,C9,18,T10-11,P001,P069,T10-16,P032,P090,15,18
T10,2026-07-04,Tallink,Aliris,,8,1,C2,18,T10-01,P028,P021,T10-09,P024,P093,18,16
T10,2026-07-04,Tallink,Aliris,,8,1,C3,18,T10-02,P018,P002,T10-10,P092,P037,18,15
T10,2026-07-04,Tallink,Aliris,,8,1,C4,18,T10-03,P039,P008,T10-11,P001,P069,18,16
T10,2026-07-04,Tallink,Aliris,,8,1,C5,18,T10-04,P062,P084,T10-12,P010,P006,18,12
T10,2026-07-04,Tallink,Aliris,,8,1,C6,18,T10-08,P005,P040,T10-16,P032,P090,18,13
T10,2026-07-04,Tallink,Aliris,,8,1,C7,18,T10-06,P023,P091,T10-14,P058,P076,18,11
T10,2026-07-04,Tallink,Aliris,,8,1,C8,18,T10-05,P036,P003,T10-13,P044,P045,18,17
T10,2026-07-04,Tallink,Aliris,,8,1,C9,18,T10-15,P074,P075,T10-07,P047,P009,13,18
T10,2026-07-04,Tallink,Aliris,,9,1,C2,18,T10-01,P028,P021,T10-08,P005,P040,18,10
T10,2026-07-04,Tallink,Aliris,,9,1,C3,18,T10-02,P018,P002,T10-07,P047,P009,18,6
T10,2026-07-04,Tallink,Aliris,,9,1,C4,18,T10-03,P039,P008,T10-06,P023,P091,18,12
T10,2026-07-04,Tallink,Aliris,,9,1,C5,18,T10-04,P062,P084,T10-05,P036,P003,7,18
T10,2026-07-04,Tallink,Aliris,,9,1,C6,18,T10-16,P032,P090,T10-09,P024,P093,12,18
T10,2026-07-04,Tallink,Aliris,,9,1,C7,18,T10-11,P001,P069,T10-14,P058,P076,15,18
T10,2026-07-04,Tallink,Aliris,,9,1,C8,18,T10-10,P092,P037,T10-15,P074,P075,18,8
T10,2026-07-04,Tallink,Aliris,,9,1,C9,18,T10-13,P044,P045,T10-12,P010,P006,18,14
T10,2026-07-04,Tallink,Aliris,,10,1,C2,18,T10-01,P028,P021,T10-06,P023,P091,13,18
T10,2026-07-04,Tallink,Aliris,,10,1,C3,18,T10-02,P018,P002,T10-03,P039,P008,14,18
T10,2026-07-04,Tallink,Aliris,,10,1,C4,18,T10-05,P036,P003,T10-07,P047,P009,18,11
T10,2026-07-04,Tallink,Aliris,,10,1,C5,18,T10-04,P062,P084,T10-08,P005,P040,16,18
T10,2026-07-04,Tallink,Aliris,,10,1,C6,18,T10-10,P092,P037,T10-11,P001,P069,14,18
T10,2026-07-04,Tallink,Aliris,,10,1,C7,18,T10-12,P010,P006,T10-16,P032,P090,18,16
T10,2026-07-04,Tallink,Aliris,,10,1,C8,18,T10-13,P044,P045,T10-15,P074,P075,18,15
T10,2026-07-04,Tallink,Aliris,,10,1,C9,18,T10-14,P058,P076,T10-09,P024,P093,10,18
T10,2026-07-04,Tallink,Aliris,,11,1,C2,18,T10-01,P028,P021,T10-12,P010,P006,18,13
T10,2026-07-04,Tallink,Aliris,,11,1,C3,18,T10-02,P018,P002,T10-13,P044,P045,18,8
T10,2026-07-04,Tallink,Aliris,,11,1,C4,18,T10-03,P039,P008,T10-10,P092,P037,18,17
T10,2026-07-04,Tallink,Aliris,,11,1,C5,18,T10-04,P062,P084,T10-14,P058,P076,12,18
T10,2026-07-04,Tallink,Aliris,,11,1,C6,18,T10-07,P047,P009,T10-09,P024,P093,15,18
T10,2026-07-04,Tallink,Aliris,,11,1,C7,18,T10-08,P005,P040,T10-11,P001,P069,12,18
T10,2026-07-04,Tallink,Aliris,,11,1,C8,18,T10-06,P023,P091,T10-15,P074,P075,18,12
T10,2026-07-04,Tallink,Aliris,,11,1,C9,18,T10-05,P036,P003,T10-16,P032,P090,18,15
T11,2026-07-11,Tallink,Aliris,,1,1,C2,18,T11-03,P023,P009,T11-04,P039,P014,18,8
T11,2026-07-11,Tallink,Aliris,,1,1,C3,18,T11-07,P022,P065,T11-06,P087,P094,11,18
T11,2026-07-11,Tallink,Aliris,,1,1,C4,18,T11-05,P040,P005,T11-08,P095,P090,18,12
T11,2026-07-11,Tallink,Aliris,,1,1,C5,18,T11-09,P096,P004,T11-10,P076,P055,18,7
T11,2026-07-11,Tallink,Aliris,,1,1,C6,18,T11-01,P028,P021,T11-02,P001,P012,13,18
T11,2026-07-11,Tallink,Aliris,,2,1,C2,18,T11-03,P023,P009,T11-06,P087,P094,18,12
T11,2026-07-11,Tallink,Aliris,,2,1,C3,18,T11-05,P040,P005,T11-08,P095,P090,18,2
T11,2026-07-11,Tallink,Aliris,,2,1,C4,18,T11-07,P022,P065,T11-10,P076,P055,15,18
T11,2026-07-11,Tallink,Aliris,,2,1,C5,18,T11-01,P028,P021,T11-04,P039,P014,18,9
T11,2026-07-11,Tallink,Aliris,,2,1,C6,18,T11-09,P096,P004,T11-02,P001,P012,9,18
T11,2026-07-11,Tallink,Aliris,,3,1,C2,18,T11-03,P023,P009,T11-08,P095,P090,18,8
T11,2026-07-11,Tallink,Aliris,,3,1,C3,18,T11-05,P040,P005,T11-10,P076,P055,18,11
T11,2026-07-11,Tallink,Aliris,,3,1,C4,18,T11-07,P022,P065,T11-04,P039,P014,11,18
T11,2026-07-11,Tallink,Aliris,,3,1,C5,18,T11-09,P096,P004,T11-02,P001,P012,18,5
T11,2026-07-11,Tallink,Aliris,,3,1,C6,18,T11-01,P028,P021,T11-06,P087,P094,18,14
T11,2026-07-11,Tallink,Aliris,,4,1,C2,18,T11-03,P023,P009,T11-10,P076,P055,18,12
T11,2026-07-11,Tallink,Aliris,,4,1,C3,18,T11-05,P040,P005,T11-06,P087,P094,18,14
T11,2026-07-11,Tallink,Aliris,,4,1,C4,18,T11-07,P022,P065,T11-02,P001,P012,14,18
T11,2026-07-11,Tallink,Aliris,,4,1,C5,18,T11-09,P096,P004,T11-04,P039,P014,17,18
T11,2026-07-11,Tallink,Aliris,,4,1,C6,18,T11-01,P028,P021,T11-08,P095,P090,18,6
T11,2026-07-11,Tallink,Aliris,,5,1,C2,18,T11-03,P023,P009,T11-08,P095,P090,18,9
T11,2026-07-11,Tallink,Aliris,,5,1,C3,18,T11-05,P040,P005,T11-02,P001,P012,12,18
T11,2026-07-11,Tallink,Aliris,,5,1,C4,18,T11-07,P022,P065,T11-04,P039,P014,12,18
T11,2026-07-11,Tallink,Aliris,,5,1,C5,18,T11-09,P096,P004,T11-06,P087,P094,15,18
T11,2026-07-11,Tallink,Aliris,,5,1,C6,18,T11-01,P028,P021,T11-10,P076,P055,18,8
T11,2026-07-11,Tallink,Aliris,,6,1,C2,18,T11-03,P023,P009,T11-02,P001,P012,9,18
T11,2026-07-11,Tallink,Aliris,,6,1,C3,18,T11-05,P040,P005,T11-04,P039,P014,16,18
T11,2026-07-11,Tallink,Aliris,,6,1,C4,18,T11-07,P022,P065,T11-06,P087,P094,18,11
T11,2026-07-11,Tallink,Aliris,,6,1,C5,18,T11-09,P096,P004,T11-08,P095,P090,18,6
T11,2026-07-11,Tallink,Aliris,,6,1,C6,18,T11-01,P028,P021,T11-10,P076,P055,18,8
T11,2026-07-11,Tallink,Aliris,,7,1,C2,18,T11-01,P028,P021,T11-03,P023,P009,16,18
T11,2026-07-11,Tallink,Aliris,,7,1,C3,18,T11-05,P040,P005,T11-07,P022,P065,18,12
T11,2026-07-11,Tallink,Aliris,,7,1,C4,18,T11-06,P087,P094,T11-08,P095,P090,18,11
T11,2026-07-11,Tallink,Aliris,,7,1,C5,18,T11-09,P096,P004,T11-10,P076,P055,18,11
T11,2026-07-11,Tallink,Aliris,,7,1,C6,18,T11-02,P001,P012,T11-04,P039,P014,18,12
T11,2026-07-11,Tallink,Aliris,,8,1,C2,18,T11-01,P028,P021,T11-05,P040,P005,18,11
T11,2026-07-11,Tallink,Aliris,,8,1,C3,18,T11-03,P023,P009,T11-09,P096,P004,18,10
T11,2026-07-11,Tallink,Aliris,,8,1,C4,18,T11-04,P039,P014,T11-10,P076,P055,18,9
T11,2026-07-11,Tallink,Aliris,,8,1,C5,18,T11-07,P022,P065,T11-08,P095,P090,16,18
T11,2026-07-11,Tallink,Aliris,,8,1,C6,18,T11-02,P001,P012,T11-06,P087,P094,18,16
T11,2026-07-11,Tallink,Aliris,,9,1,C2,18,T11-01,P028,P021,T11-07,P022,P065,18,10
T11,2026-07-11,Tallink,Aliris,,9,1,C3,18,T11-03,P023,P009,T11-04,P039,P014,18,8
T11,2026-07-11,Tallink,Aliris,,9,1,C4,18,T11-05,P040,P005,T11-09,P096,P004,11,18
T11,2026-07-11,Tallink,Aliris,,9,1,C5,18,T11-06,P087,P094,T11-10,P076,P055,18,15
T11,2026-07-11,Tallink,Aliris,,9,1,C6,18,T11-02,P001,P012,T11-08,P095,P090,18,7
T11,2026-07-11,Tallink,Aliris,,10,1,C2,18,T11-01,P028,P021,T11-09,P096,P004,16,18
T11,2026-07-11,Tallink,Aliris,,10,1,C3,18,T11-02,P001,P012,T11-10,P076,P055,18,6
T11,2026-07-11,Tallink,Aliris,,10,1,C4,18,T11-04,P039,P014,T11-08,P095,P090,18,14
T11,2026-07-11,Tallink,Aliris,,10,1,C5,18,T11-05,P040,P005,T11-06,P087,P094,18,14
T11,2026-07-11,Tallink,Aliris,,10,1,C6,18,T11-03,P023,P009,T11-07,P022,P065,18,9
T11,2026-07-11,Tallink,Aliris,,11,1,C2,18,T11-04,P039,P014,T11-06,P087,P094,18,14
T11,2026-07-11,Tallink,Aliris,,11,1,C3,18,T11-01,P028,P021,T11-02,P001,P012,12,18
T11,2026-07-11,Tallink,Aliris,,11,1,C4,18,T11-07,P022,P065,T11-09,P096,P004,11,18
T11,2026-07-11,Tallink,Aliris,,11,1,C5,18,T11-08,P095,P090,T11-10,P076,P055,18,8
T11,2026-07-11,Tallink,Aliris,,11,1,C6,18,T11-03,P023,P009,T11-05,P040,P005,11,18
T12,2026-07-18,Tallink,Aliris,,1,1,C1,18,T12-01,P014,P097,T12-02,P028,P021,18,13
T12,2026-07-18,Tallink,Aliris,,1,1,C2,18,T12-03,P054,P012,T12-04,P001,P075,18,9
T12,2026-07-18,Tallink,Aliris,,1,1,C3,18,T12-07,P005,P040,T12-06,P023,P009,11,18
T12,2026-07-18,Tallink,Aliris,,1,1,C4,18,T12-05,P087,P090,T12-08,P016,P044,9,18
T12,2026-07-18,Tallink,Aliris,,1,1,C5,18,T12-09,P003,P098,T12-10,P020,P019,18,13
T12,2026-07-18,Tallink,Aliris,,2,1,C1,18,T12-01,P014,P097,T12-04,P001,P075,18,12
T12,2026-07-18,Tallink,Aliris,,2,1,C2,18,T12-03,P054,P012,T12-06,P023,P009,11,18
T12,2026-07-18,Tallink,Aliris,,2,1,C3,18,T12-05,P087,P090,T12-08,P016,P044,8,18
T12,2026-07-18,Tallink,Aliris,,2,1,C4,18,T12-07,P005,P040,T12-10,P020,P019,11,18
T12,2026-07-18,Tallink,Aliris,,2,1,C5,18,T12-09,P003,P098,T12-02,P028,P021,18,16
T12,2026-07-18,Tallink,Aliris,,3,1,C1,18,T12-01,P014,P097,T12-06,P023,P009,13,18
T12,2026-07-18,Tallink,Aliris,,3,1,C2,18,T12-03,P054,P012,T12-08,P016,P044,17,18
T12,2026-07-18,Tallink,Aliris,,3,1,C3,18,T12-05,P087,P090,T12-10,P020,P019,13,18
T12,2026-07-18,Tallink,Aliris,,3,1,C4,18,T12-07,P005,P040,T12-04,P001,P075,18,13
T12,2026-07-18,Tallink,Aliris,,3,1,C5,18,T12-09,P003,P098,T12-02,P028,P021,18,14
T12,2026-07-18,Tallink,Aliris,,4,1,C1,18,T12-01,P014,P097,T12-08,P016,P044,18,11
T12,2026-07-18,Tallink,Aliris,,4,1,C2,18,T12-03,P054,P012,T12-10,P020,P019,7,18
T12,2026-07-18,Tallink,Aliris,,4,1,C3,18,T12-05,P087,P090,T12-06,P023,P009,7,18
T12,2026-07-18,Tallink,Aliris,,4,1,C4,18,T12-07,P005,P040,T12-02,P028,P021,18,17
T12,2026-07-18,Tallink,Aliris,,4,1,C5,18,T12-09,P003,P098,T12-04,P001,P075,18,10
T12,2026-07-18,Tallink,Aliris,,5,1,C1,18,T12-01,P014,P097,T12-10,P020,P019,18,10
T12,2026-07-18,Tallink,Aliris,,5,1,C2,18,T12-03,P054,P012,T12-08,P016,P044,15,18
T12,2026-07-18,Tallink,Aliris,,5,1,C3,18,T12-05,P087,P090,T12-02,P028,P021,12,18
T12,2026-07-18,Tallink,Aliris,,5,1,C4,18,T12-07,P005,P040,T12-04,P001,P075,18,16
T12,2026-07-18,Tallink,Aliris,,5,1,C5,18,T12-09,P003,P098,T12-06,P023,P009,11,18
T12,2026-07-18,Tallink,Aliris,,6,1,C1,18,T12-01,P014,P097,T12-10,P020,P019,18,11
T12,2026-07-18,Tallink,Aliris,,6,1,C2,18,T12-03,P054,P012,T12-02,P028,P021,16,18
T12,2026-07-18,Tallink,Aliris,,6,1,C3,18,T12-05,P087,P090,T12-04,P001,P075,4,18
T12,2026-07-18,Tallink,Aliris,,6,1,C4,18,T12-07,P005,P040,T12-06,P023,P009,9,18
T12,2026-07-18,Tallink,Aliris,,6,1,C5,18,T12-09,P003,P098,T12-08,P016,P044,18,12
T12,2026-07-18,Tallink,Aliris,,7,1,C1,18,T12-02,P028,P021,T12-04,P001,P075,13,18
T12,2026-07-18,Tallink,Aliris,,7,1,C2,18,T12-01,P014,P097,T12-03,P054,P012,18,8
T12,2026-07-18,Tallink,Aliris,,7,1,C3,18,T12-05,P087,P090,T12-07,P005,P040,12,18
T12,2026-07-18,Tallink,Aliris,,7,1,C4,18,T12-06,P023,P009,T12-08,P016,P044,14,18
T12,2026-07-18,Tallink,Aliris,,7,1,C5,18,T12-09,P003,P098,T12-10,P020,P019,18,14
T12,2026-07-18,Tallink,Aliris,,8,1,C1,18,T12-02,P028,P021,T12-06,P023,P009,15,18
T12,2026-07-18,Tallink,Aliris,,8,1,C2,18,T12-01,P014,P097,T12-05,P087,P090,18,2
T12,2026-07-18,Tallink,Aliris,,8,1,C3,18,T12-03,P054,P012,T12-09,P003,P098,12,18
T12,2026-07-18,Tallink,Aliris,,8,1,C4,18,T12-04,P001,P075,T12-10,P020,P019,16,18
T12,2026-07-18,Tallink,Aliris,,8,1,C5,18,T12-07,P005,P040,T12-08,P016,P044,18,17
T12,2026-07-18,Tallink,Aliris,,9,1,C1,18,T12-02,P028,P021,T12-08,P016,P044,18,8
T12,2026-07-18,Tallink,Aliris,,9,1,C2,18,T12-01,P014,P097,T12-07,P005,P040,14,18
T12,2026-07-18,Tallink,Aliris,,9,1,C3,18,T12-03,P054,P012,T12-04,P001,P075,17,18
T12,2026-07-18,Tallink,Aliris,,9,1,C4,18,T12-05,P087,P090,T12-09,P003,P098,6,18
T12,2026-07-18,Tallink,Aliris,,9,1,C5,18,T12-06,P023,P009,T12-10,P020,P019,18,17
T12,2026-07-18,Tallink,Aliris,,10,1,C1,18,T12-03,P054,P012,T12-07,P005,P040,13,18
T12,2026-07-18,Tallink,Aliris,,10,1,C2,18,T12-01,P014,P097,T12-09,P003,P098,18,11
T12,2026-07-18,Tallink,Aliris,,10,1,C3,18,T12-02,P028,P021,T12-10,P020,P019,6,18
T12,2026-07-18,Tallink,Aliris,,10,1,C4,18,T12-04,P001,P075,T12-08,P016,P044,18,15
T12,2026-07-18,Tallink,Aliris,,10,1,C5,18,T12-05,P087,P090,T12-06,P023,P009,8,18
T12,2026-07-18,Tallink,Aliris,,11,1,C1,18,T12-03,P054,P012,T12-05,P087,P090,18,13
T12,2026-07-18,Tallink,Aliris,,11,1,C2,18,T12-04,P001,P075,T12-06,P023,P009,9,18
T12,2026-07-18,Tallink,Aliris,,11,1,C3,18,T12-01,P014,P097,T12-02,P028,P021,18,10
T12,2026-07-18,Tallink,Aliris,,11,1,C4,18,T12-07,P005,P040,T12-09,P003,P098,18,10
T12,2026-07-18,Tallink,Aliris,,11,1,C5,18,T12-08,P016,P044,T12-10,P020,P019,12,18
T13,2026-07-25,Tallink,Aliris,,1,1,C1,18,T13-11,P064,P100,T13-12,P008,P034,14,18
T13,2026-07-25,Tallink,Aliris,,1,1,C2,18,T13-01,P014,P097,T13-02,P015,P038,18,17
T13,2026-07-25,Tallink,Aliris,,1,1,C3,18,T13-03,P023,P009,T13-04,P028,P021,18,14
T13,2026-07-25,Tallink,Aliris,,1,1,C4,18,T13-05,P005,P040,T13-06,P039,P092,14,18
T13,2026-07-25,Tallink,Aliris,,1,1,C5,18,T13-07,P011,P101,T13-08,P001,P099,18,15
T13,2026-07-25,Tallink,Aliris,,1,1,C6,18,T13-09,P025,P074,T13-10,P035,P004,13,18
T13,2026-07-25,Tallink,Aliris,,2,1,C1,18,T13-11,P064,P100,T13-02,P015,P038,6,18
T13,2026-07-25,Tallink,Aliris,,2,1,C2,18,T13-01,P014,P097,T13-04,P028,P021,18,12
T13,2026-07-25,Tallink,Aliris,,2,1,C3,18,T13-03,P023,P009,T13-06,P039,P092,18,13
T13,2026-07-25,Tallink,Aliris,,2,1,C4,18,T13-05,P005,P040,T13-08,P001,P099,8,18
T13,2026-07-25,Tallink,Aliris,,2,1,C5,18,T13-07,P011,P101,T13-10,P035,P004,14,18
T13,2026-07-25,Tallink,Aliris,,2,1,C6,18,T13-09,P025,P074,T13-12,P008,P034,11,18
T13,2026-07-25,Tallink,Aliris,,3,1,C1,18,T13-11,P064,P100,T13-04,P028,P021,4,18
T13,2026-07-25,Tallink,Aliris,,3,1,C2,18,T13-01,P014,P097,T13-06,P039,P092,18,15
T13,2026-07-25,Tallink,Aliris,,3,1,C3,18,T13-03,P023,P009,T13-08,P001,P099,17,18
T13,2026-07-25,Tallink,Aliris,,3,1,C4,18,T13-05,P005,P040,T13-10,P035,P004,15,18
T13,2026-07-25,Tallink,Aliris,,3,1,C5,18,T13-07,P011,P101,T13-12,P008,P034,18,12
T13,2026-07-25,Tallink,Aliris,,3,1,C6,18,T13-09,P025,P074,T13-02,P015,P038,13,18
T13,2026-07-25,Tallink,Aliris,,4,1,C1,18,T13-11,P064,P100,T13-06,P039,P092,12,18
T13,2026-07-25,Tallink,Aliris,,4,1,C2,18,T13-01,P014,P097,T13-08,P001,P099,18,17
T13,2026-07-25,Tallink,Aliris,,4,1,C3,18,T13-03,P023,P009,T13-10,P035,P004,18,14
T13,2026-07-25,Tallink,Aliris,,4,1,C4,18,T13-05,P005,P040,T13-12,P008,P034,18,17
T13,2026-07-25,Tallink,Aliris,,4,1,C5,18,T13-07,P011,P101,T13-02,P015,P038,10,18
T13,2026-07-25,Tallink,Aliris,,4,1,C6,18,T13-09,P025,P074,T13-04,P028,P021,13,18
T13,2026-07-25,Tallink,Aliris,,5,1,C1,18,T13-11,P064,P100,T13-08,P001,P099,12,18
T13,2026-07-25,Tallink,Aliris,,5,1,C2,18,T13-01,P014,P097,T13-10,P035,P004,18,7
T13,2026-07-25,Tallink,Aliris,,5,1,C3,18,T13-03,P023,P009,T13-12,P008,P034,18,9
T13,2026-07-25,Tallink,Aliris,,5,1,C4,18,T13-05,P005,P040,T13-02,P015,P038,5,18
T13,2026-07-25,Tallink,Aliris,,5,1,C5,18,T13-07,P011,P101,T13-04,P028,P021,15,18
T13,2026-07-25,Tallink,Aliris,,5,1,C6,18,T13-09,P025,P074,T13-06,P039,P092,7,18
T13,2026-07-25,Tallink,Aliris,,6,1,C1,18,T13-11,P064,P100,T13-10,P035,P004,13,18
T13,2026-07-25,Tallink,Aliris,,6,1,C2,18,T13-01,P014,P097,T13-12,P008,P034,18,12
T13,2026-07-25,Tallink,Aliris,,6,1,C3,18,T13-03,P023,P009,T13-02,P015,P038,10,18
T13,2026-07-25,Tallink,Aliris,,6,1,C4,18,T13-05,P005,P040,T13-04,P028,P021,13,18
T13,2026-07-25,Tallink,Aliris,,6,1,C5,18,T13-07,P011,P101,T13-06,P039,P092,11,18
T13,2026-07-25,Tallink,Aliris,,6,1,C6,18,T13-09,P025,P074,T13-08,P001,P099,16,18
T13,2026-07-25,Tallink,Aliris,,7,1,C1,18,T13-10,P035,P004,T13-12,P008,P034,18,5
T13,2026-07-25,Tallink,Aliris,,7,1,C2,18,T13-01,P014,P097,T13-03,P023,P009,18,11
T13,2026-07-25,Tallink,Aliris,,7,1,C3,18,T13-02,P015,P038,T13-04,P028,P021,18,8
T13,2026-07-25,Tallink,Aliris,,7,1,C4,18,T13-05,P005,P040,T13-07,P011,P101,7,18
T13,2026-07-25,Tallink,Aliris,,7,1,C5,18,T13-06,P039,P092,T13-08,P001,P099,14,18
T13,2026-07-25,Tallink,Aliris,,7,1,C6,18,T13-09,P025,P074,T13-11,P064,P100,14,18
T13,2026-07-25,Tallink,Aliris,,8,1,C1,18,T13-08,P001,P099,T13-12,P008,P034,18,11
T13,2026-07-25,Tallink,Aliris,,8,1,C2,18,T13-01,P014,P097,T13-05,P005,P040,18,14
T13,2026-07-25,Tallink,Aliris,,8,1,C3,18,T13-02,P015,P038,T13-06,P039,P092,18,15
T13,2026-07-25,Tallink,Aliris,,8,1,C4,18,T13-03,P023,P009,T13-09,P025,P074,18,11
T13,2026-07-25,Tallink,Aliris,,8,1,C5,18,T13-04,P028,P021,T13-10,P035,P004,18,17
T13,2026-07-25,Tallink,Aliris,,8,1,C6,18,T13-07,P011,P101,T13-11,P064,P100,18,13
T13,2026-07-25,Tallink,Aliris,,9,1,C1,18,T13-06,P039,P092,T13-10,P035,P004,12,18
T13,2026-07-25,Tallink,Aliris,,9,1,C2,18,T13-01,P014,P097,T13-07,P011,P101,18,13
T13,2026-07-25,Tallink,Aliris,,9,1,C3,18,T13-02,P015,P038,T13-08,P001,P099,18,6
T13,2026-07-25,Tallink,Aliris,,9,1,C4,18,T13-03,P023,P009,T13-11,P064,P100,18,8
T13,2026-07-25,Tallink,Aliris,,9,1,C5,18,T13-04,P028,P021,T13-12,P008,P034,18,9
T13,2026-07-25,Tallink,Aliris,,9,1,C6,18,T13-05,P005,P040,T13-09,P025,P074,18,14
T13,2026-07-25,Tallink,Aliris,,10,1,C1,18,T13-06,P039,P092,T13-12,P008,P034,18,14
T13,2026-07-25,Tallink,Aliris,,10,1,C2,18,T13-01,P014,P097,T13-09,P025,P074,18,13
T13,2026-07-25,Tallink,Aliris,,10,1,C3,18,T13-02,P015,P038,T13-10,P035,P004,18,10
T13,2026-07-25,Tallink,Aliris,,10,1,C4,18,T13-03,P023,P009,T13-07,P011,P101,16,18
T13,2026-07-25,Tallink,Aliris,,10,1,C5,18,T13-04,P028,P021,T13-08,P001,P099,17,18
T13,2026-07-25,Tallink,Aliris,,10,1,C6,18,T13-05,P005,P040,T13-11,P064,P100,18,6
T13,2026-07-25,Tallink,Aliris,,11,1,C1,18,T13-08,P001,P099,T13-10,P035,P004,18,13
T13,2026-07-25,Tallink,Aliris,,11,1,C2,18,T13-01,P014,P097,T13-11,P064,P100,16,18
T13,2026-07-25,Tallink,Aliris,,11,1,C3,18,T13-02,P015,P038,T13-12,P008,P034,18,9
T13,2026-07-25,Tallink,Aliris,,11,1,C4,18,T13-03,P023,P009,T13-05,P005,P040,13,18
T13,2026-07-25,Tallink,Aliris,,11,1,C5,18,T13-04,P028,P021,T13-06,P039,P092,18,8
T13,2026-07-25,Tallink,Aliris,,11,1,C6,18,T13-07,P011,P101,T13-09,P025,P074,16,18
T14,2026-08-01,Tallink,Aliris,,1,1,C2,18,T14-01,P041,P035,T14-02,P039,P036,18,9
T14,2026-08-01,Tallink,Aliris,,1,1,C3,18,T14-03,P076,P044,T14-04,P010,P103,15,18
T14,2026-08-01,Tallink,Aliris,,1,1,C4,18,T14-05,P023,P077,T14-06,P002,P018,18,17
T14,2026-08-01,Tallink,Aliris,,1,1,C5,18,T14-07,P001,P007,T14-08,P093,P019,8,18
T14,2026-08-01,Tallink,Aliris,,1,1,C6,18,T14-09,P102,P066,T14-10,P005,P040,18,17
T14,2026-08-01,Tallink,Aliris,,1,1,C7,18,T14-11,P054,P012,T14-12,P064,P100,18,10
T14,2026-08-01,Tallink,Aliris,,2,1,C2,18,T14-01,P041,P035,T14-04,P010,P103,18,9
T14,2026-08-01,Tallink,Aliris,,2,1,C3,18,T14-03,P076,P044,T14-06,P002,P018,14,18
T14,2026-08-01,Tallink,Aliris,,2,1,C4,18,T14-05,P023,P077,T14-08,P093,P019,18,15
T14,2026-08-01,Tallink,Aliris,,2,1,C5,18,T14-07,P001,P007,T14-10,P005,P040,18,16
T14,2026-08-01,Tallink,Aliris,,2,1,C6,18,T14-09,P102,P066,T14-12,P064,P100,18,7
T14,2026-08-01,Tallink,Aliris,,2,1,C7,18,T14-11,P054,P012,T14-02,P039,P036,18,15
T14,2026-08-01,Tallink,Aliris,,3,1,C2,18,T14-01,P041,P035,T14-06,P002,P018,18,17
T14,2026-08-01,Tallink,Aliris,,3,1,C3,18,T14-03,P076,P044,T14-08,P093,P019,7,18
T14,2026-08-01,Tallink,Aliris,,3,1,C4,18,T14-05,P023,P077,T14-10,P005,P040,15,18
T14,2026-08-01,Tallink,Aliris,,3,1,C5,18,T14-07,P001,P007,T14-12,P064,P100,18,10
T14,2026-08-01,Tallink,Aliris,,3,1,C6,18,T14-09,P102,P066,T14-02,P039,P036,12,18
T14,2026-08-01,Tallink,Aliris,,3,1,C7,18,T14-11,P054,P012,T14-04,P010,P103,6,18
T14,2026-08-01,Tallink,Aliris,,4,1,C2,18,T14-01,P041,P035,T14-08,P093,P019,17,18
T14,2026-08-01,Tallink,Aliris,,4,1,C3,18,T14-03,P076,P044,T14-10,P005,P040,18,16
T14,2026-08-01,Tallink,Aliris,,4,1,C4,18,T14-05,P023,P077,T14-12,P064,P100,18,7
T14,2026-08-01,Tallink,Aliris,,4,1,C5,18,T14-07,P001,P007,T14-02,P039,P036,18,16
T14,2026-08-01,Tallink,Aliris,,4,1,C6,18,T14-09,P102,P066,T14-04,P010,P103,18,14
T14,2026-08-01,Tallink,Aliris,,4,1,C7,18,T14-11,P054,P012,T14-06,P002,P018,4,18
T14,2026-08-01,Tallink,Aliris,,5,1,C2,18,T14-01,P041,P035,T14-10,P005,P040,18,13
T14,2026-08-01,Tallink,Aliris,,5,1,C3,18,T14-03,P076,P044,T14-12,P064,P100,18,13
T14,2026-08-01,Tallink,Aliris,,5,1,C4,18,T14-05,P023,P077,T14-02,P039,P036,14,18
T14,2026-08-01,Tallink,Aliris,,5,1,C5,18,T14-07,P001,P007,T14-04,P010,P103,18,9
T14,2026-08-01,Tallink,Aliris,,5,1,C6,18,T14-09,P102,P066,T14-06,P002,P018,12,18
T14,2026-08-01,Tallink,Aliris,,5,1,C7,18,T14-11,P054,P012,T14-08,P093,P019,11,18
T14,2026-08-01,Tallink,Aliris,,6,1,C2,18,T14-01,P041,P035,T14-12,P064,P100,18,10
T14,2026-08-01,Tallink,Aliris,,6,1,C3,18,T14-03,P076,P044,T14-02,P039,P036,18,15
T14,2026-08-01,Tallink,Aliris,,6,1,C4,18,T14-05,P023,P077,T14-04,P010,P103,18,16
T14,2026-08-01,Tallink,Aliris,,6,1,C5,18,T14-07,P001,P007,T14-06,P002,P018,18,17
T14,2026-08-01,Tallink,Aliris,,6,1,C6,18,T14-11,P054,P012,T14-10,P005,P040,18,11
T14,2026-08-01,Tallink,Aliris,,6,1,C7,18,T14-09,P102,P066,T14-08,P093,P019,18,16
T14,2026-08-01,Tallink,Aliris,,7,1,C2,18,T14-01,P041,P035,T14-03,P076,P044,18,11
T14,2026-08-01,Tallink,Aliris,,7,1,C3,18,T14-02,P039,P036,T14-04,P010,P103,14,18
T14,2026-08-01,Tallink,Aliris,,7,1,C4,18,T14-05,P023,P077,T14-07,P001,P007,8,18
T14,2026-08-01,Tallink,Aliris,,7,1,C5,18,T14-10,P005,P040,T14-12,P064,P100,18,16
T14,2026-08-01,Tallink,Aliris,,7,1,C6,18,T14-09,P102,P066,T14-11,P054,P012,15,18
T14,2026-08-01,Tallink,Aliris,,7,1,C7,18,T14-06,P002,P018,T14-08,P093,P019,16,18
T14,2026-08-01,Tallink,Aliris,,8,1,C2,18,T14-02,P039,P036,T14-06,P002,P018,15,18
T14,2026-08-01,Tallink,Aliris,,8,1,C3,18,T14-03,P076,P044,T14-09,P102,P066,15,18
T14,2026-08-01,Tallink,Aliris,,8,1,C4,18,T14-08,P093,P019,T14-12,P064,P100,18,16
T14,2026-08-01,Tallink,Aliris,,8,1,C5,18,T14-04,P010,P103,T14-10,P005,P040,18,16
T14,2026-08-01,Tallink,Aliris,,8,1,C6,18,T14-07,P001,P007,T14-11,P054,P012,14,18
T14,2026-08-01,Tallink,Aliris,,8,1,C7,18,T14-01,P041,P035,T14-05,P023,P077,18,11
T14,2026-08-01,Tallink,Aliris,,9,1,C2,18,T14-06,P002,P018,T14-10,P005,P040,18,6
T14,2026-08-01,Tallink,Aliris,,9,1,C3,18,T14-02,P039,P036,T14-08,P093,P019,17,18
T14,2026-08-01,Tallink,Aliris,,9,1,C4,18,T14-03,P076,P044,T14-11,P054,P012,13,18
T14,2026-08-01,Tallink,Aliris,,9,1,C5,18,T14-04,P010,P103,T14-12,P064,P100,18,9
T14,2026-08-01,Tallink,Aliris,,9,1,C6,18,T14-05,P023,P077,T14-09,P102,P066,17,18
T14,2026-08-01,Tallink,Aliris,,9,1,C7,18,T14-01,P041,P035,T14-07,P001,P007,18,16
T14,2026-08-01,Tallink,Aliris,,10,1,C2,18,T14-01,P041,P035,T14-09,P102,P066,16,18
T14,2026-08-01,Tallink,Aliris,,10,1,C3,18,T14-02,P039,P036,T14-10,P005,P040,18,7
T14,2026-08-01,Tallink,Aliris,,10,1,C4,18,T14-03,P076,P044,T14-07,P001,P007,12,18
T14,2026-08-01,Tallink,Aliris,,10,1,C5,18,T14-04,P010,P103,T14-08,P093,P019,18,8
T14,2026-08-01,Tallink,Aliris,,10,1,C6,18,T14-05,P023,P077,T14-11,P054,P012,18,15
T14,2026-08-01,Tallink,Aliris,,10,1,C7,18,T14-06,P002,P018,T14-12,P064,P100,18,7
T14,2026-08-01,Tallink,Aliris,,11,1,C2,18,T14-01,P041,P035,T14-11,P054,P012,18,13
T14,2026-08-01,Tallink,Aliris,,11,1,C3,18,T14-02,P039,P036,T14-12,P064,P100,18,10
T14,2026-08-01,Tallink,Aliris,,11,1,C4,18,T14-03,P076,P044,T14-05,P023,P077,16,18
T14,2026-08-01,Tallink,Aliris,,11,1,C5,18,T14-04,P010,P103,T14-06,P002,P018,8,18
T14,2026-08-01,Tallink,Aliris,,11,1,C6,18,T14-07,P001,P007,T14-09,P102,P066,18,9
T14,2026-08-01,Tallink,Aliris,,11,1,C7,18,T14-08,P093,P019,T14-10,P005,P040,13,18
T15,2026-08-08,Tallink,Aliris,,1,1,C2,18,T15-01,P065,P104,T15-02,P050,P105,12,18
T15,2026-08-08,Tallink,Aliris,,1,1,C3,18,T15-03,P001,P043,T15-04,P044,P094,12,18
T15,2026-08-08,Tallink,Aliris,,1,1,C4,18,T15-05,P023,P009,T15-06,P002,P099,18,15
T15,2026-08-08,Tallink,Aliris,,1,1,C5,18,T15-07,P039,P003,T15-08,P016,P037,18,11
T15,2026-08-08,Tallink,Aliris,,1,1,C6,18,T15-09,P005,P040,T15-10,P045,P090,18,12
T15,2026-08-08,Tallink,Aliris,,1,1,C7,18,T15-11,P004,P069,T15-12,P017,P035,18,13
T15,2026-08-08,Tallink,Aliris,,1,1,C8,18,T15-13,P064,P100,T15-14,P055,P046,18,3
T15,2026-08-08,Tallink,Aliris,,2,1,C2,18,T15-01,P065,P104,T15-04,P044,P094,18,15
T15,2026-08-08,Tallink,Aliris,,2,1,C3,18,T15-03,P001,P043,T15-06,P002,P099,18,8
T15,2026-08-08,Tallink,Aliris,,2,1,C4,18,T15-05,P023,P009,T15-08,P016,P037,18,12
T15,2026-08-08,Tallink,Aliris,,2,1,C5,18,T15-07,P039,P003,T15-13,P064,P100,18,13
T15,2026-08-08,Tallink,Aliris,,2,1,C6,18,T15-09,P005,P040,T15-14,P055,P046,18,11
T15,2026-08-08,Tallink,Aliris,,2,1,C7,18,T15-11,P004,P069,T15-02,P050,P105,7,18
T15,2026-08-08,Tallink,Aliris,,2,1,C8,18,T15-12,P017,P035,T15-10,P045,P090,18,14
T15,2026-08-08,Tallink,Aliris,,3,1,C2,18,T15-01,P065,P104,T15-06,P002,P099,18,11
T15,2026-08-08,Tallink,Aliris,,3,1,C3,18,T15-03,P001,P043,T15-08,P016,P037,18,12
T15,2026-08-08,Tallink,Aliris,,3,1,C4,18,T15-05,P023,P009,T15-10,P045,P090,18,14
T15,2026-08-08,Tallink,Aliris,,3,1,C5,18,T15-07,P039,P003,T15-12,P017,P035,18,13
T15,2026-08-08,Tallink,Aliris,,3,1,C6,18,T15-09,P005,P040,T15-02,P050,P105,15,18
T15,2026-08-08,Tallink,Aliris,,3,1,C7,18,T15-11,P004,P069,T15-04,P044,P094,8,18
T15,2026-08-08,Tallink,Aliris,,3,1,C8,18,T15-13,P064,P100,T15-14,P055,P046,18,5
T15,2026-08-08,Tallink,Aliris,,4,1,C2,18,T15-01,P065,P104,T15-08,P016,P037,18,11
T15,2026-08-08,Tallink,Aliris,,4,1,C3,18,T15-03,P001,P043,T15-14,P055,P046,18,12
T15,2026-08-08,Tallink,Aliris,,4,1,C4,18,T15-05,P023,P009,T15-13,P064,P100,18,11
T15,2026-08-08,Tallink,Aliris,,4,1,C5,18,T15-07,P039,P003,T15-02,P050,P105,14,18
T15,2026-08-08,Tallink,Aliris,,4,1,C6,18,T15-09,P005,P040,T15-04,P044,P094,18,17
T15,2026-08-08,Tallink,Aliris,,4,1,C7,18,T15-11,P004,P069,T15-10,P045,P090,12,18
T15,2026-08-08,Tallink,Aliris,,4,1,C8,18,T15-06,P002,P099,T15-12,P017,P035,18,8
T15,2026-08-08,Tallink,Aliris,,5,1,C2,18,T15-01,P065,P104,T15-10,P045,P090,18,12
T15,2026-08-08,Tallink,Aliris,,5,1,C3,18,T15-03,P001,P043,T15-12,P017,P035,18,10
T15,2026-08-08,Tallink,Aliris,,5,1,C4,18,T15-05,P023,P009,T15-02,P050,P105,14,18
T15,2026-08-08,Tallink,Aliris,,5,1,C5,18,T15-07,P039,P003,T15-04,P044,P094,18,10
T15,2026-08-08,Tallink,Aliris,,5,1,C6,18,T15-09,P005,P040,T15-06,P002,P099,18,9
T15,2026-08-08,Tallink,Aliris,,5,1,C7,18,T15-11,P004,P069,T15-14,P055,P046,18,8
T15,2026-08-08,Tallink,Aliris,,5,1,C8,18,T15-08,P016,P037,T15-13,P064,P100,18,7
T15,2026-08-08,Tallink,Aliris,,6,1,C2,18,T15-01,P065,P104,T15-12,P017,P035,18,9
T15,2026-08-08,Tallink,Aliris,,6,1,C3,18,T15-03,P001,P043,T15-02,P050,P105,13,18
T15,2026-08-08,Tallink,Aliris,,6,1,C4,18,T15-05,P023,P009,T15-04,P044,P094,16,18
T15,2026-08-08,Tallink,Aliris,,6,1,C5,18,T15-07,P039,P003,T15-06,P002,P099,11,18
T15,2026-08-08,Tallink,Aliris,,6,1,C6,18,T15-09,P005,P040,T15-08,P016,P037,18,17
T15,2026-08-08,Tallink,Aliris,,6,1,C7,18,T15-11,P004,P069,T15-13,P064,P100,18,17
T15,2026-08-08,Tallink,Aliris,,6,1,C8,18,T15-10,P045,P090,T15-14,P055,P046,18,10
T15,2026-08-08,Tallink,Aliris,,7,1,C2,18,T15-01,P065,P104,T15-03,P001,P043,18,11
T15,2026-08-08,Tallink,Aliris,,7,1,C3,18,T15-02,P050,P105,T15-04,P044,P094,18,12
T15,2026-08-08,Tallink,Aliris,,7,1,C4,18,T15-05,P023,P009,T15-07,P039,P003,18,13
T15,2026-08-08,Tallink,Aliris,,7,1,C5,18,T15-06,P002,P099,T15-08,P016,P037,18,5
T15,2026-08-08,Tallink,Aliris,,7,1,C6,18,T15-09,P005,P040,T15-11,P004,P069,18,11
T15,2026-08-08,Tallink,Aliris,,7,1,C7,18,T15-10,P045,P090,T15-13,P064,P100,9,18
T15,2026-08-08,Tallink,Aliris,,7,1,C8,18,T15-12,P017,P035,T15-14,P055,P046,18,6
T15,2026-08-08,Tallink,Aliris,,8,1,C2,18,T15-01,P065,P104,T15-05,P023,P009,18,17
T15,2026-08-08,Tallink,Aliris,,8,1,C3,18,T15-02,P050,P105,T15-06,P002,P099,15,18
T15,2026-08-08,Tallink,Aliris,,8,1,C4,18,T15-03,P001,P043,T15-09,P005,P040,18,14
T15,2026-08-08,Tallink,Aliris,,8,1,C5,18,T15-04,P044,P094,T15-10,P045,P090,18,10
T15,2026-08-08,Tallink,Aliris,,8,1,C6,18,T15-07,P039,P003,T15-11,P004,P069,18,10
T15,2026-08-08,Tallink,Aliris,,8,1,C7,18,T15-08,P016,P037,T15-14,P055,P046,18,7
T15,2026-08-08,Tallink,Aliris,,8,1,C8,18,T15-12,P017,P035,T15-13,P064,P100,17,18
T15,2026-08-08,Tallink,Aliris,,9,1,C2,18,T15-01,P065,P104,T15-07,P039,P003,18,2
T15,2026-08-08,Tallink,Aliris,,9,1,C3,18,T15-02,P050,P105,T15-08,P016,P037,18,7
T15,2026-08-08,Tallink,Aliris,,9,1,C4,18,T15-03,P001,P043,T15-11,P004,P069,18,6
T15,2026-08-08,Tallink,Aliris,,9,1,C5,18,T15-04,P044,P094,T15-13,P064,P100,18,13
T15,2026-08-08,Tallink,Aliris,,9,1,C6,18,T15-05,P023,P009,T15-09,P005,P040,8,18
T15,2026-08-08,Tallink,Aliris,,9,1,C7,18,T15-06,P002,P099,T15-14,P055,P046,18,9
T15,2026-08-08,Tallink,Aliris,,9,1,C8,18,T15-10,P045,P090,T15-12,P017,P035,15,18
T15,2026-08-08,Tallink,Aliris,,10,1,C2,18,T15-01,P065,P104,T15-09,P005,P040,18,13
T15,2026-08-08,Tallink,Aliris,,10,1,C3,18,T15-02,P050,P105,T15-10,P045,P090,18,13
T15,2026-08-08,Tallink,Aliris,,10,1,C4,18,T15-03,P001,P043,T15-07,P039,P003,12,18
T15,2026-08-08,Tallink,Aliris,,10,1,C5,18,T15-04,P044,P094,T15-08,P016,P037,18,14
T15,2026-08-08,Tallink,Aliris,,10,1,C6,18,T15-06,P002,P099,T15-13,P064,P100,18,12
T15,2026-08-08,Tallink,Aliris,,10,1,C7,18,T15-05,P023,P009,T15-11,P004,P069,18,8
T15,2026-08-08,Tallink,Aliris,,10,1,C8,18,T15-12,P017,P035,T15-14,P055,P046,18,8
T15,2026-08-08,Tallink,Aliris,,11,1,C2,18,T15-01,P065,P104,T15-11,P004,P069,18,8
T15,2026-08-08,Tallink,Aliris,,11,1,C3,18,T15-02,P050,P105,T15-12,P017,P035,18,11
T15,2026-08-08,Tallink,Aliris,,11,1,C4,18,T15-03,P001,P043,T15-05,P023,P009,18,17
T15,2026-08-08,Tallink,Aliris,,11,1,C5,18,T15-04,P044,P094,T15-06,P002,P099,18,8
T15,2026-08-08,Tallink,Aliris,,11,1,C6,18,T15-07,P039,P003,T15-14,P055,P046,18,8
T15,2026-08-08,Tallink,Aliris,,11,1,C7,18,T15-08,P016,P037,T15-10,P045,P090,18,17
T15,2026-08-08,Tallink,Aliris,,11,1,C8,18,T15-09,P005,P040,T15-13,P064,P100,17,18
T16,2026-08-15,Tallink,Aliris,,1,1,C2,18,T16-01,P041,P014,T16-02,P043,P094,18,15
T16,2026-08-15,Tallink,Aliris,,1,1,C3,18,T16-03,P039,P036,T16-04,P002,P018,11,18
T16,2026-08-15,Tallink,Aliris,,1,1,C4,18,T16-05,P005,P040,T16-06,P023,P011,18,14
T16,2026-08-15,Tallink,Aliris,,1,1,C5,18,T16-07,P062,P054,T16-08,P061,P003,14,18
T16,2026-08-15,Tallink,Aliris,,1,1,C6,18,T16-09,P006,P012,T16-10,P056,P004,14,18
T16,2026-08-15,Tallink,Aliris,,1,1,C7,18,T16-11,P065,P057,T16-12,P035,P106,18,12
T16,2026-08-15,Tallink,Aliris,,1,1,C8,18,T16-13,P037,P013,T16-14,P090,P099,18,15
T16,2026-08-15,Tallink,Aliris,,2,1,C2,18,T16-01,P041,P014,T16-04,P002,P018,12,18
T16,2026-08-15,Tallink,Aliris,,2,1,C3,18,T16-03,P039,P036,T16-06,P023,P011,13,18
T16,2026-08-15,Tallink,Aliris,,2,1,C4,18,T16-05,P005,P040,T16-08,P061,P003,11,18
T16,2026-08-15,Tallink,Aliris,,2,1,C5,18,T16-07,P062,P054,T16-13,P037,P013,18,11
T16,2026-08-15,Tallink,Aliris,,2,1,C6,18,T16-09,P006,P012,T16-14,P090,P099,18,12
T16,2026-08-15,Tallink,Aliris,,2,1,C7,18,T16-11,P065,P057,T16-02,P043,P094,18,16
T16,2026-08-15,Tallink,Aliris,,2,1,C8,18,T16-12,P035,P106,T16-10,P056,P004,8,18
T16,2026-08-15,Tallink,Aliris,,3,1,C2,18,T16-01,P041,P014,T16-06,P023,P011,18,17
T16,2026-08-15,Tallink,Aliris,,3,1,C3,18,T16-03,P039,P036,T16-08,P061,P003,18,10
T16,2026-08-15,Tallink,Aliris,,3,1,C4,18,T16-05,P005,P040,T16-10,P056,P004,11,18
T16,2026-08-15,Tallink,Aliris,,3,1,C5,18,T16-07,P062,P054,T16-12,P035,P106,18,8
T16,2026-08-15,Tallink,Aliris,,3,1,C6,18,T16-09,P006,P012,T16-02,P043,P094,12,18
T16,2026-08-15,Tallink,Aliris,,3,1,C7,18,T16-11,P065,P057,T16-04,P002,P018,14,18
T16,2026-08-15,Tallink,Aliris,,3,1,C8,18,T16-13,P037,P013,T16-14,P090,P099,18,15
T16,2026-08-15,Tallink,Aliris,,4,1,C2,18,T16-01,P041,P014,T16-08,P061,P003,13,18
T16,2026-08-15,Tallink,Aliris,,4,1,C3,18,T16-03,P039,P036,T16-14,P090,P099,18,12
T16,2026-08-15,Tallink,Aliris,,4,1,C4,18,T16-05,P005,P040,T16-13,P037,P013,18,12
T16,2026-08-15,Tallink,Aliris,,4,1,C5,18,T16-07,P062,P054,T16-02,P043,P094,18,7
T16,2026-08-15,Tallink,Aliris,,4,1,C6,18,T16-09,P006,P012,T16-04,P002,P018,15,18
T16,2026-08-15,Tallink,Aliris,,4,1,C7,18,T16-11,P065,P057,T16-10,P056,P004,18,11
T16,2026-08-15,Tallink,Aliris,,4,1,C8,18,T16-06,P023,P011,T16-12,P035,P106,18,12
T16,2026-08-15,Tallink,Aliris,,5,1,C2,18,T16-01,P041,P014,T16-03,P039,P036,5,18
T16,2026-08-15,Tallink,Aliris,,5,1,C3,18,T16-02,P043,P094,T16-04,P002,P018,7,18
T16,2026-08-15,Tallink,Aliris,,5,1,C4,18,T16-05,P005,P040,T16-07,P062,P054,18,15
T16,2026-08-15,Tallink,Aliris,,5,1,C5,18,T16-06,P023,P011,T16-08,P061,P003,18,8
T16,2026-08-15,Tallink,Aliris,,5,1,C6,18,T16-09,P006,P012,T16-11,P065,P057,18,15
T16,2026-08-15,Tallink,Aliris,,5,1,C7,18,T16-10,P056,P004,T16-13,P037,P013,18,15
T16,2026-08-15,Tallink,Aliris,,5,1,C8,18,T16-12,P035,P106,T16-14,P090,P099,14,18
T16,2026-08-15,Tallink,Aliris,,6,1,C2,18,T16-01,P041,P014,T16-12,P035,P106,18,12
T16,2026-08-15,Tallink,Aliris,,6,1,C3,18,T16-03,P039,P036,T16-02,P043,P094,18,8
T16,2026-08-15,Tallink,Aliris,,6,1,C4,18,T16-05,P005,P040,T16-04,P002,P018,6,18
T16,2026-08-15,Tallink,Aliris,,6,1,C5,18,T16-07,P062,P054,T16-06,P023,P011,6,18
T16,2026-08-15,Tallink,Aliris,,6,1,C6,18,T16-09,P006,P012,T16-08,P061,P003,12,18
T16,2026-08-15,Tallink,Aliris,,6,1,C7,18,T16-11,P065,P057,T16-13,P037,P013,9,18
T16,2026-08-15,Tallink,Aliris,,6,1,C8,18,T16-10,P056,P004,T16-14,P090,P099,18,10
T16,2026-08-15,Tallink,Aliris,,7,1,C2,18,T16-01,P041,P014,T16-10,P056,P004,18,15
T16,2026-08-15,Tallink,Aliris,,7,1,C3,18,T16-03,P039,P036,T16-12,P035,P106,18,3
T16,2026-08-15,Tallink,Aliris,,7,1,C4,18,T16-05,P005,P040,T16-02,P043,P094,16,18
T16,2026-08-15,Tallink,Aliris,,7,1,C5,18,T16-07,P062,P054,T16-04,P002,P018,3,18
T16,2026-08-15,Tallink,Aliris,,7,1,C6,18,T16-09,P006,P012,T16-06,P023,P011,12,18
T16,2026-08-15,Tallink,Aliris,,7,1,C7,18,T16-11,P065,P057,T16-14,P090,P099,18,11
T16,2026-08-15,Tallink,Aliris,,7,1,C8,18,T16-08,P061,P003,T16-13,P037,P013,18,15
T16,2026-08-15,Tallink,Aliris,,8,1,C2,18,T16-01,P041,P014,T16-05,P005,P040,18,13
T16,2026-08-15,Tallink,Aliris,,8,1,C3,18,T16-02,P043,P094,T16-06,P023,P011,15,18
T16,2026-08-15,Tallink,Aliris,,8,1,C4,18,T16-03,P039,P036,T16-09,P006,P012,18,11
T16,2026-08-15,Tallink,Aliris,,8,1,C5,18,T16-04,P002,P018,T16-10,P056,P004,17,18
T16,2026-08-15,Tallink,Aliris,,8,1,C6,18,T16-07,P062,P054,T16-11,P065,P057,18,13
T16,2026-08-15,Tallink,Aliris,,8,1,C7,18,T16-08,P061,P003,T16-14,P090,P099,18,8
T16,2026-08-15,Tallink,Aliris,,8,1,C8,18,T16-12,P035,P106,T16-13,P037,P013,7,18
T16,2026-08-15,Tallink,Aliris,,9,1,C2,18,T16-01,P041,P014,T16-07,P062,P054,18,10
T16,2026-08-15,Tallink,Aliris,,9,1,C3,18,T16-02,P043,P094,T16-08,P061,P003,17,18
T16,2026-08-15,Tallink,Aliris,,9,1,C4,18,T16-03,P039,P036,T16-11,P065,P057,18,11
T16,2026-08-15,Tallink,Aliris,,9,1,C5,18,T16-04,P002,P018,T16-13,P037,P013,18,9
T16,2026-08-15,Tallink,Aliris,,9,1,C6,18,T16-05,P005,P040,T16-09,P006,P012,15,18
T16,2026-08-15,Tallink,Aliris,,9,1,C7,18,T16-06,P023,P011,T16-14,P090,P099,18,9
T16,2026-08-15,Tallink,Aliris,,9,1,C8,18,T16-10,P056,P004,T16-12,P035,P106,18,7
T16,2026-08-15,Tallink,Aliris,,10,1,C2,18,T16-01,P041,P014,T16-09,P006,P012,18,11
T16,2026-08-15,Tallink,Aliris,,10,1,C3,18,T16-02,P043,P094,T16-10,P056,P004,15,18
T16,2026-08-15,Tallink,Aliris,,10,1,C4,18,T16-03,P039,P036,T16-07,P062,P054,18,13
T16,2026-08-15,Tallink,Aliris,,10,1,C5,18,T16-04,P002,P018,T16-08,P061,P003,18,12
T16,2026-08-15,Tallink,Aliris,,10,1,C6,18,T16-06,P023,P011,T16-13,P037,P013,18,17
T16,2026-08-15,Tallink,Aliris,,10,1,C7,18,T16-05,P005,P040,T16-11,P065,P057,18,7
T16,2026-08-15,Tallink,Aliris,,10,1,C8,18,T16-12,P035,P106,T16-14,P090,P099,18,17
T16,2026-08-15,Tallink,Aliris,,11,1,C2,18,T16-01,P041,P014,T16-11,P065,P057,18,14
T16,2026-08-15,Tallink,Aliris,,11,1,C3,18,T16-02,P043,P094,T16-12,P035,P106,18,11
T16,2026-08-15,Tallink,Aliris,,11,1,C4,18,T16-03,P039,P036,T16-05,P005,P040,18,8
T16,2026-08-15,Tallink,Aliris,,11,1,C5,18,T16-04,P002,P018,T16-06,P023,P011,18,13
T16,2026-08-15,Tallink,Aliris,,11,1,C6,18,T16-07,P062,P054,T16-14,P090,P099,18,10
T16,2026-08-15,Tallink,Aliris,,11,1,C7,18,T16-08,P061,P003,T16-10,P056,P004,18,10
T16,2026-08-15,Tallink,Aliris,,11,1,C8,18,T16-09,P006,P012,T16-13,P037,P013,18,14
T17,2026-08-22,Tallink,Aliris,,1,1,C2,18,T17-03,P005,P040,T17-04,P097,P055,18,16
T17,2026-08-22,Tallink,Aliris,,1,1,C3,18,T17-07,P043,P094,T17-06,P093,P057,11,18
T17,2026-08-22,Tallink,Aliris,,1,1,C4,18,T17-05,P001,P012,T17-08,P107,P007,18,9
T17,2026-08-22,Tallink,Aliris,,1,1,C5,18,T17-09,P099,P054,T17-10,P090,P037,18,10
T17,2026-08-22,Tallink,Aliris,,1,1,C6,18,T17-01,P023,P059,T17-02,P102,P042,18,15
T17,2026-08-22,Tallink,Aliris,,2,1,C2,18,T17-03,P005,P040,T17-06,P093,P057,18,9
T17,2026-08-22,Tallink,Aliris,,2,1,C3,18,T17-05,P001,P012,T17-08,P107,P007,18,11
T17,2026-08-22,Tallink,Aliris,,2,1,C4,18,T17-07,P043,P094,T17-10,P090,P037,18,16
T17,2026-08-22,Tallink,Aliris,,2,1,C5,18,T17-09,P099,P054,T17-02,P102,P042,7,18
T17,2026-08-22,Tallink,Aliris,,2,1,C6,18,T17-01,P023,P059,T17-04,P097,P055,18,13
T17,2026-08-22,Tallink,Aliris,,3,1,C2,18,T17-03,P005,P040,T17-08,P107,P007,18,16
T17,2026-08-22,Tallink,Aliris,,3,1,C3,18,T17-05,P001,P012,T17-10,P090,P037,18,15
T17,2026-08-22,Tallink,Aliris,,3,1,C4,18,T17-07,P043,P094,T17-04,P097,P055,15,18
T17,2026-08-22,Tallink,Aliris,,3,1,C5,18,T17-09,P099,P054,T17-02,P102,P042,10,18
T17,2026-08-22,Tallink,Aliris,,3,1,C6,18,T17-01,P023,P059,T17-06,P093,P057,18,17
T17,2026-08-22,Tallink,Aliris,,4,1,C2,18,T17-03,P005,P040,T17-10,P090,P037,18,9
T17,2026-08-22,Tallink,Aliris,,4,1,C3,18,T17-05,P001,P012,T17-06,P093,P057,15,18
T17,2026-08-22,Tallink,Aliris,,4,1,C4,18,T17-07,P043,P094,T17-02,P102,P042,10,18
T17,2026-08-22,Tallink,Aliris,,4,1,C5,18,T17-09,P099,P054,T17-04,P097,P055,9,18
T17,2026-08-22,Tallink,Aliris,,4,1,C6,18,T17-01,P023,P059,T17-08,P107,P007,18,11
T17,2026-08-22,Tallink,Aliris,,5,1,C2,18,T17-03,P005,P040,T17-08,P107,P007,18,6
T17,2026-08-22,Tallink,Aliris,,5,1,C3,18,T17-05,P001,P012,T17-02,P102,P042,17,18
T17,2026-08-22,Tallink,Aliris,,5,1,C4,18,T17-07,P043,P094,T17-04,P097,P055,8,18
T17,2026-08-22,Tallink,Aliris,,5,1,C5,18,T17-09,P099,P054,T17-06,P093,P057,18,10
T17,2026-08-22,Tallink,Aliris,,5,1,C6,18,T17-01,P023,P059,T17-10,P090,P037,18,12
T17,2026-08-22,Tallink,Aliris,,6,1,C2,18,T17-03,P005,P040,T17-02,P102,P042,18,16
T17,2026-08-22,Tallink,Aliris,,6,1,C3,18,T17-05,P001,P012,T17-04,P097,P055,18,13
T17,2026-08-22,Tallink,Aliris,,6,1,C4,18,T17-07,P043,P094,T17-06,P093,P057,18,17
T17,2026-08-22,Tallink,Aliris,,6,1,C5,18,T17-09,P099,P054,T17-08,P107,P007,16,18
T17,2026-08-22,Tallink,Aliris,,6,1,C6,18,T17-01,P023,P059,T17-10,P090,P037,18,10
T17,2026-08-22,Tallink,Aliris,,7,1,C2,18,T17-01,P023,P059,T17-03,P005,P040,18,15
T17,2026-08-22,Tallink,Aliris,,7,1,C3,18,T17-05,P001,P012,T17-07,P043,P094,18,10
T17,2026-08-22,Tallink,Aliris,,7,1,C4,18,T17-06,P093,P057,T17-08,P107,P007,18,10
T17,2026-08-22,Tallink,Aliris,,7,1,C5,18,T17-09,P099,P054,T17-10,P090,P037,18,10
T17,2026-08-22,Tallink,Aliris,,7,1,C6,18,T17-02,P102,P042,T17-04,P097,P055,18,11
T17,2026-08-22,Tallink,Aliris,,8,1,C2,18,T17-01,P023,P059,T17-05,P001,P012,9,18
T17,2026-08-22,Tallink,Aliris,,8,1,C3,18,T17-03,P005,P040,T17-09,P099,P054,18,5
T17,2026-08-22,Tallink,Aliris,,8,1,C4,18,T17-04,P097,P055,T17-10,P090,P037,18,12
T17,2026-08-22,Tallink,Aliris,,8,1,C5,18,T17-07,P043,P094,T17-08,P107,P007,18,10
T17,2026-08-22,Tallink,Aliris,,8,1,C6,18,T17-02,P102,P042,T17-06,P093,P057,15,18
T17,2026-08-22,Tallink,Aliris,,9,1,C2,18,T17-01,P023,P059,T17-07,P043,P094,18,15
T17,2026-08-22,Tallink,Aliris,,9,1,C3,18,T17-03,P005,P040,T17-04,P097,P055,8,18
T17,2026-08-22,Tallink,Aliris,,9,1,C4,18,T17-05,P001,P012,T17-09,P099,P054,18,14
T17,2026-08-22,Tallink,Aliris,,9,1,C5,18,T17-06,P093,P057,T17-10,P090,P037,17,18
T17,2026-08-22,Tallink,Aliris,,9,1,C6,18,T17-02,P102,P042,T17-08,P107,P007,18,11
T17,2026-08-22,Tallink,Aliris,,10,1,C2,18,T17-01,P023,P059,T17-09,P099,P054,12,18
T17,2026-08-22,Tallink,Aliris,,10,1,C3,18,T17-02,P102,P042,T17-10,P090,P037,18,10
T17,2026-08-22,Tallink,Aliris,,10,1,C4,18,T17-04,P097,P055,T17-08,P107,P007,18,12
T17,2026-08-22,Tallink,Aliris,,10,1,C5,18,T17-05,P001,P012,T17-06,P093,P057,17,18
T17,2026-08-22,Tallink,Aliris,,10,1,C6,18,T17-03,P005,P040,T17-07,P043,P094,18,10
T17,2026-08-22,Tallink,Aliris,,11,1,C2,18,T17-04,P097,P055,T17-06,P093,P057,18,15
T17,2026-08-22,Tallink,Aliris,,11,1,C3,18,T17-01,P023,P059,T17-02,P102,P042,18,16
T17,2026-08-22,Tallink,Aliris,,11,1,C4,18,T17-07,P043,P094,T17-09,P099,P054,18,8
T17,2026-08-22,Tallink,Aliris,,11,1,C5,18,T17-08,P107,P007,T17-10,P090,P037,15,18
T17,2026-08-22,Tallink,Aliris,,11,1,C6,18,T17-03,P005,P040,T17-05,P001,P012,9,18
T18,2026-08-29,Tallink,Aliris,,1,1,C2,18,T18-01,P002,P018,T18-02,P023,P059,18,11
T18,2026-08-29,Tallink,Aliris,,1,1,C3,18,T18-03,P001,P108,T18-04,P004,P035,17,18
T18,2026-08-29,Tallink,Aliris,,1,1,C4,18,T18-05,P005,P040,T18-06,P091,P042,15,18
T18,2026-08-29,Tallink,Aliris,,1,1,C5,18,T18-07,P043,P094,T18-08,P006,P007,15,18
T18,2026-08-29,Tallink,Aliris,,1,1,C6,18,T18-09,P099,P054,T18-10,P037,P090,17,18
T18,2026-08-29,Tallink,Aliris,,1,1,C7,18,T18-11,P008,P055,T18-12,P064,P100,10,18
T18,2026-08-29,Tallink,Aliris,,2,1,C2,18,T18-01,P002,P018,T18-04,P004,P035,18,10
T18,2026-08-29,Tallink,Aliris,,2,1,C3,18,T18-03,P001,P108,T18-06,P091,P042,11,18
T18,2026-08-29,Tallink,Aliris,,2,1,C4,18,T18-05,P005,P040,T18-08,P006,P007,17,18
T18,2026-08-29,Tallink,Aliris,,2,1,C5,18,T18-07,P043,P094,T18-10,P037,P090,18,12
T18,2026-08-29,Tallink,Aliris,,2,1,C6,18,T18-09,P099,P054,T18-12,P064,P100,18,13
T18,2026-08-29,Tallink,Aliris,,2,1,C7,18,T18-11,P008,P055,T18-02,P023,P059,3,18
T18,2026-08-29,Tallink,Aliris,,3,1,C2,18,T18-01,P002,P018,T18-06,P091,P042,18,8
T18,2026-08-29,Tallink,Aliris,,3,1,C3,18,T18-03,P001,P108,T18-08,P006,P007,12,18
T18,2026-08-29,Tallink,Aliris,,3,1,C4,18,T18-05,P005,P040,T18-10,P037,P090,18,14
T18,2026-08-29,Tallink,Aliris,,3,1,C5,18,T18-07,P043,P094,T18-12,P064,P100,18,17
T18,2026-08-29,Tallink,Aliris,,3,1,C6,18,T18-09,P099,P054,T18-02,P023,P059,8,18
T18,2026-08-29,Tallink,Aliris,,3,1,C7,18,T18-11,P008,P055,T18-04,P004,P035,11,18
T18,2026-08-29,Tallink,Aliris,,4,1,C2,18,T18-01,P002,P018,T18-08,P006,P007,18,7
T18,2026-08-29,Tallink,Aliris,,4,1,C3,18,T18-03,P001,P108,T18-10,P037,P090,18,14
T18,2026-08-29,Tallink,Aliris,,4,1,C4,18,T18-05,P005,P040,T18-12,P064,P100,18,11
T18,2026-08-29,Tallink,Aliris,,4,1,C5,18,T18-07,P043,P094,T18-02,P023,P059,18,10
T18,2026-08-29,Tallink,Aliris,,4,1,C6,18,T18-09,P099,P054,T18-04,P004,P035,5,18
T18,2026-08-29,Tallink,Aliris,,4,1,C7,18,T18-11,P008,P055,T18-06,P091,P042,7,18
T18,2026-08-29,Tallink,Aliris,,5,1,C2,18,T18-01,P002,P018,T18-10,P037,P090,18,12
T18,2026-08-29,Tallink,Aliris,,5,1,C3,18,T18-03,P001,P108,T18-12,P064,P100,18,10
T18,2026-08-29,Tallink,Aliris,,5,1,C4,18,T18-05,P005,P040,T18-02,P023,P059,10,18
T18,2026-08-29,Tallink,Aliris,,5,1,C5,18,T18-07,P043,P094,T18-04,P004,P035,7,18
T18,2026-08-29,Tallink,Aliris,,5,1,C6,18,T18-09,P099,P054,T18-06,P091,P042,12,18
T18,2026-08-29,Tallink,Aliris,,5,1,C7,18,T18-11,P008,P055,T18-08,P006,P007,2,18
T18,2026-08-29,Tallink,Aliris,,6,1,C2,18,T18-01,P002,P018,T18-12,P064,P100,18,13
T18,2026-08-29,Tallink,Aliris,,6,1,C3,18,T18-03,P001,P108,T18-02,P023,P059,12,18
T18,2026-08-29,Tallink,Aliris,,6,1,C4,18,T18-05,P005,P040,T18-04,P004,P035,18,16
T18,2026-08-29,Tallink,Aliris,,6,1,C5,18,T18-07,P043,P094,T18-06,P091,P042,8,18
T18,2026-08-29,Tallink,Aliris,,6,1,C6,18,T18-09,P099,P054,T18-08,P006,P007,11,18
T18,2026-08-29,Tallink,Aliris,,6,1,C7,18,T18-11,P008,P055,T18-10,P037,P090,18,17
T18,2026-08-29,Tallink,Aliris,,7,1,C2,18,T18-01,P002,P018,T18-03,P001,P108,18,13
T18,2026-08-29,Tallink,Aliris,,7,1,C3,18,T18-02,P023,P059,T18-04,P004,P035,18,13
T18,2026-08-29,Tallink,Aliris,,7,1,C4,18,T18-05,P005,P040,T18-07,P043,P094,18,17
T18,2026-08-29,Tallink,Aliris,,7,1,C5,18,T18-06,P091,P042,T18-08,P006,P007,16,18
T18,2026-08-29,Tallink,Aliris,,7,1,C6,18,T18-09,P099,P054,T18-11,P008,P055,18,6
T18,2026-08-29,Tallink,Aliris,,7,1,C7,18,T18-10,P037,P090,T18-12,P064,P100,12,18
T18,2026-08-29,Tallink,Aliris,,8,1,C2,18,T18-01,P002,P018,T18-05,P005,P040,18,14
T18,2026-08-29,Tallink,Aliris,,8,1,C3,18,T18-02,P023,P059,T18-06,P091,P042,18,5
T18,2026-08-29,Tallink,Aliris,,8,1,C4,18,T18-03,P001,P108,T18-09,P099,P054,13,18
T18,2026-08-29,Tallink,Aliris,,8,1,C5,18,T18-04,P004,P035,T18-10,P037,P090,18,5
T18,2026-08-29,Tallink,Aliris,,8,1,C6,18,T18-07,P043,P094,T18-11,P008,P055,18,8
T18,2026-08-29,Tallink,Aliris,,8,1,C7,18,T18-08,P006,P007,T18-12,P064,P100,18,7
T18,2026-08-29,Tallink,Aliris,,9,1,C2,18,T18-01,P002,P018,T18-07,P043,P094,18,6
T18,2026-08-29,Tallink,Aliris,,9,1,C3,18,T18-02,P023,P059,T18-08,P006,P007,18,17
T18,2026-08-29,Tallink,Aliris,,9,1,C4,18,T18-03,P001,P108,T18-11,P008,P055,18,4
T18,2026-08-29,Tallink,Aliris,,9,1,C5,18,T18-04,P004,P035,T18-12,P064,P100,18,9
T18,2026-08-29,Tallink,Aliris,,9,1,C6,18,T18-05,P005,P040,T18-09,P099,P054,18,17
T18,2026-08-29,Tallink,Aliris,,9,1,C7,18,T18-06,P091,P042,T18-10,P037,P090,18,16
T18,2026-08-29,Tallink,Aliris,,10,1,C2,18,T18-01,P002,P018,T18-09,P099,P054,18,10
T18,2026-08-29,Tallink,Aliris,,10,1,C3,18,T18-02,P023,P059,T18-10,P037,P090,18,10
T18,2026-08-29,Tallink,Aliris,,10,1,C4,18,T18-03,P001,P108,T18-07,P043,P094,10,18
T18,2026-08-29,Tallink,Aliris,,10,1,C5,18,T18-04,P004,P035,T18-08,P006,P007,18,14
T18,2026-08-29,Tallink,Aliris,,10,1,C6,18,T18-05,P005,P040,T18-11,P008,P055,18,14
T18,2026-08-29,Tallink,Aliris,,10,1,C7,18,T18-06,P091,P042,T18-12,P064,P100,18,15
T18,2026-08-29,Tallink,Aliris,,11,1,C2,18,T18-01,P002,P018,T18-11,P008,P055,18,12
T18,2026-08-29,Tallink,Aliris,,11,1,C3,18,T18-02,P023,P059,T18-12,P064,P100,18,7
T18,2026-08-29,Tallink,Aliris,,11,1,C4,18,T18-03,P001,P108,T18-05,P005,P040,18,13
T18,2026-08-29,Tallink,Aliris,,11,1,C5,18,T18-04,P004,P035,T18-06,P091,P042,18,14
T18,2026-08-29,Tallink,Aliris,,11,1,C6,18,T18-07,P043,P094,T18-09,P099,P054,16,18
T18,2026-08-29,Tallink,Aliris,,11,1,C7,18,T18-08,P006,P007,T18-10,P037,P090,14,18
T19,2026-09-05,Tallink,Aliris,,1,1,C2,18,T19-01,P001,P035,T19-02,P091,P009,18,13
T19,2026-09-05,Tallink,Aliris,,1,1,C3,18,T19-03,P002,P018,T19-04,P041,P010,13,18
T19,2026-09-05,Tallink,Aliris,,1,1,C4,18,T19-05,P023,P059,T19-06,P039,P038,18,17
T19,2026-09-05,Tallink,Aliris,,1,1,C5,18,T19-07,P011,P057,T19-08,P005,P040,18,12
T19,2026-09-05,Tallink,Aliris,,1,1,C6,18,T19-09,P037,P087,T19-10,P099,P054,18,15
T19,2026-09-05,Tallink,Aliris,,1,1,C7,18,T19-11,P006,P012,T19-12,P004,P063,18,15
T19,2026-09-05,Tallink,Aliris,,1,1,C8,18,T19-13,P058,P013,T19-14,P008,P055,18,17
T19,2026-09-05,Tallink,Aliris,,2,1,C2,18,T19-01,P001,P035,T19-04,P041,P010,11,18
T19,2026-09-05,Tallink,Aliris,,2,1,C3,18,T19-03,P002,P018,T19-06,P039,P038,16,18
T19,2026-09-05,Tallink,Aliris,,2,1,C4,18,T19-05,P023,P059,T19-08,P005,P040,18,14
T19,2026-09-05,Tallink,Aliris,,2,1,C5,18,T19-07,P011,P057,T19-13,P058,P013,18,12
T19,2026-09-05,Tallink,Aliris,,2,1,C6,18,T19-09,P037,P087,T19-14,P008,P055,18,12
T19,2026-09-05,Tallink,Aliris,,2,1,C7,18,T19-11,P006,P012,T19-02,P091,P009,7,18
T19,2026-09-05,Tallink,Aliris,,2,1,C8,18,T19-12,P004,P063,T19-10,P099,P054,13,18
T19,2026-09-05,Tallink,Aliris,,3,1,C2,18,T19-01,P001,P035,T19-06,P039,P038,13,9
T19,2026-09-05,Tallink,Aliris,,3,1,C3,18,T19-03,P002,P018,T19-08,P005,P040,17,18
T19,2026-09-05,Tallink,Aliris,,3,1,C4,18,T19-05,P023,P059,T19-10,P099,P054,18,8
T19,2026-09-05,Tallink,Aliris,,3,1,C5,18,T19-07,P011,P057,T19-12,P004,P063,15,18
T19,2026-09-05,Tallink,Aliris,,3,1,C6,18,T19-09,P037,P087,T19-02,P091,P009,12,18
T19,2026-09-05,Tallink,Aliris,,3,1,C7,18,T19-11,P006,P012,T19-04,P041,P010,9,18
T19,2026-09-05,Tallink,Aliris,,3,1,C8,18,T19-13,P058,P013,T19-14,P008,P055,18,14
T19,2026-09-05,Tallink,Aliris,,4,1,C2,18,T19-01,P001,P035,T19-08,P005,P040,18,10
T19,2026-09-05,Tallink,Aliris,,4,1,C3,18,T19-03,P002,P018,T19-14,P008,P055,18,10
T19,2026-09-05,Tallink,Aliris,,4,1,C4,18,T19-05,P023,P059,T19-13,P058,P013,18,8
T19,2026-09-05,Tallink,Aliris,,4,1,C5,18,T19-07,P011,P057,T19-02,P091,P009,12,18
T19,2026-09-05,Tallink,Aliris,,4,1,C6,18,T19-09,P037,P087,T19-04,P041,P010,9,18
T19,2026-09-05,Tallink,Aliris,,4,1,C7,18,T19-11,P006,P012,T19-10,P099,P054,12,18
T19,2026-09-05,Tallink,Aliris,,4,1,C8,18,T19-06,P039,P038,T19-12,P004,P063,18,8
T19,2026-09-05,Tallink,Aliris,,5,1,C2,18,T19-01,P001,P035,T19-10,P099,P054,18,6
T19,2026-09-05,Tallink,Aliris,,5,1,C3,18,T19-03,P002,P018,T19-12,P004,P063,18,8
T19,2026-09-05,Tallink,Aliris,,5,1,C4,18,T19-05,P023,P059,T19-02,P091,P009,10,18
T19,2026-09-05,Tallink,Aliris,,5,1,C5,18,T19-07,P011,P057,T19-04,P041,P010,10,18
T19,2026-09-05,Tallink,Aliris,,5,1,C6,18,T19-09,P037,P087,T19-06,P039,P038,13,18
T19,2026-09-05,Tallink,Aliris,,5,1,C7,18,T19-11,P006,P012,T19-14,P008,P055,18,11
T19,2026-09-05,Tallink,Aliris,,5,1,C8,18,T19-08,P005,P040,T19-13,P058,P013,18,8
T19,2026-09-05,Tallink,Aliris,,6,1,C2,18,T19-01,P001,P035,T19-12,P004,P063,18,6
T19,2026-09-05,Tallink,Aliris,,6,1,C3,18,T19-03,P002,P018,T19-02,P091,P009,10,18
T19,2026-09-05,Tallink,Aliris,,6,1,C4,18,T19-05,P023,P059,T19-04,P041,P010,18,12
T19,2026-09-05,Tallink,Aliris,,6,1,C5,18,T19-07,P011,P057,T19-06,P039,P038,10,18
T19,2026-09-05,Tallink,Aliris,,6,1,C6,18,T19-09,P037,P087,T19-08,P005,P040,18,17
T19,2026-09-05,Tallink,Aliris,,6,1,C7,18,T19-11,P006,P012,T19-13,P058,P013,15,18
T19,2026-09-05,Tallink,Aliris,,6,1,C8,18,T19-10,P099,P054,T19-14,P008,P055,18,17
T19,2026-09-05,Tallink,Aliris,,7,1,C2,18,T19-01,P001,P035,T19-03,P002,P018,18,15
T19,2026-09-05,Tallink,Aliris,,7,1,C3,18,T19-02,P091,P009,T19-04,P041,P010,18,9
T19,2026-09-05,Tallink,Aliris,,7,1,C4,18,T19-05,P023,P059,T19-07,P011,P057,18,17
T19,2026-09-05,Tallink,Aliris,,7,1,C5,18,T19-06,P039,P038,T19-08,P005,P040,18,15
T19,2026-09-05,Tallink,Aliris,,7,1,C6,18,T19-09,P037,P087,T19-11,P006,P012,18,16
T19,2026-09-05,Tallink,Aliris,,7,1,C7,18,T19-10,P099,P054,T19-13,P058,P013,18,12
T19,2026-09-05,Tallink,Aliris,,7,1,C8,18,T19-12,P004,P063,T19-14,P008,P055,17,18
T19,2026-09-05,Tallink,Aliris,,8,1,C2,18,T19-01,P001,P035,T19-05,P023,P059,18,17
T19,2026-09-05,Tallink,Aliris,,8,1,C3,18,T19-02,P091,P009,T19-06,P039,P038,16,18
T19,2026-09-05,Tallink,Aliris,,8,1,C4,18,T19-03,P002,P018,T19-09,P037,P087,18,10
T19,2026-09-05,Tallink,Aliris,,8,1,C5,18,T19-04,P041,P010,T19-10,P099,P054,18,9
T19,2026-09-05,Tallink,Aliris,,8,1,C6,18,T19-07,P011,P057,T19-11,P006,P012,18,11
T19,2026-09-05,Tallink,Aliris,,8,1,C7,18,T19-08,P005,P040,T19-14,P008,P055,18,11
T19,2026-09-05,Tallink,Aliris,,8,1,C8,18,T19-12,P004,P063,T19-13,P058,P013,18,16
T19,2026-09-05,Tallink,Aliris,,9,1,C2,18,T19-01,P001,P035,T19-07,P011,P057,18,11
T19,2026-09-05,Tallink,Aliris,,9,1,C3,18,T19-02,P091,P009,T19-08,P005,P040,18,11
T19,2026-09-05,Tallink,Aliris,,9,1,C4,18,T19-03,P002,P018,T19-11,P006,P012,17,18
T19,2026-09-05,Tallink,Aliris,,9,1,C5,18,T19-04,P041,P010,T19-13,P058,P013,18,8
T19,2026-09-05,Tallink,Aliris,,9,1,C6,18,T19-05,P023,P059,T19-09,P037,P087,18,14
T19,2026-09-05,Tallink,Aliris,,9,1,C7,18,T19-06,P039,P038,T19-14,P008,P055,18,10
T19,2026-09-05,Tallink,Aliris,,9,1,C8,18,T19-10,P099,P054,T19-12,P004,P063,8,18
T19,2026-09-05,Tallink,Aliris,,10,1,C2,18,T19-01,P001,P035,T19-09,P037,P087,18,12
T19,2026-09-05,Tallink,Aliris,,10,1,C3,18,T19-02,P091,P009,T19-10,P099,P054,18,13
T19,2026-09-05,Tallink,Aliris,,10,1,C4,18,T19-03,P002,P018,T19-07,P011,P057,10,18
T19,2026-09-05,Tallink,Aliris,,10,1,C5,18,T19-04,P041,P010,T19-08,P005,P040,18,16
T19,2026-09-05,Tallink,Aliris,,10,1,C6,18,T19-06,P039,P038,T19-13,P058,P013,18,12
T19,2026-09-05,Tallink,Aliris,,10,1,C7,18,T19-05,P023,P059,T19-11,P006,P012,17,8
T19,2026-09-05,Tallink,Aliris,,10,1,C8,18,T19-12,P004,P063,T19-14,P008,P055,18,7
T19,2026-09-05,Tallink,Aliris,,11,1,C2,18,T19-01,P001,P035,T19-11,P006,P012,18,17
T19,2026-09-05,Tallink,Aliris,,11,1,C3,18,T19-02,P091,P009,T19-12,P004,P063,18,7
T19,2026-09-05,Tallink,Aliris,,11,1,C4,18,T19-03,P002,P018,T19-05,P023,P059,16,18
T19,2026-09-05,Tallink,Aliris,,11,1,C5,18,T19-04,P041,P010,T19-06,P039,P038,17,18
T19,2026-09-05,Tallink,Aliris,,11,1,C6,18,T19-07,P011,P057,T19-14,P008,P055,18,8
T19,2026-09-05,Tallink,Aliris,,11,1,C7,18,T19-08,P005,P040,T19-10,P099,P054,16,18
T19,2026-09-05,Tallink,Aliris,,11,1,C8,18,T19-09,P037,P087,T19-13,P058,P013,18,12
